RetroLootPro ID,Name,Platform,Condition,Barcode,Sell Price,Market Value,Label Price,Cost Basis,Quantity,Status,Category,Item Type,Clover Category,Issues
b86cab19-042e-486c-9a8f-893e93d14a5c,007 Night Fire,Xbox,CIB,,0.00,8.83,8.99,11.54,1,available,Manual Entry,unknown,Video Games,missing barcode
6b931600-dd3d-4b60-a458-82dfa375927a,Big Bumpin,Xbox,CIB,,0.00,3.71,3.99,4.85,1,available,Manual Entry,unknown,Video Games,missing barcode
6998a006-d450-4fb6-9484-295e914fdb7e,Black GameCube Controller,GameCube,CIB,,0.00,52.83,52.99,22.60,1,available,Manual Entry,game,Video Games,missing barcode
7c599e65-47d1-47b8-b25b-cecdf55c9b70,Burnout Point of Impact 2,GameCube,CIB,,0.00,32.43,31.99,13.87,1,available,Manual Entry,unknown,Video Games,missing barcode
13cb5f3a-b424-4d04-a7a9-da79ca368b80,Cabelas Alaskan Adventures,PlayStation 2,CIB,,0.00,3.76,3.99,4.91,1,available,Manual Entry,unknown,Video Games,missing barcode
1ed34a32-7c5e-4dfb-bfd6-53e5262708ce,Cabelas Big Game Hunter,PlayStation 2,CIB,,0.00,28.75,28.99,37.56,1,available,Manual Entry,game,Video Games,missing barcode
433702da-32b8-4e62-8b55-57624faed510,Cabelas Deer Hunt 2004 Season,PlayStation 2,CIB,,0.00,2.91,2.99,3.80,1,available,Manual Entry,unknown,Video Games,missing barcode
6f0f404f-bb7e-48d3-ae79-ad87c889b0dc,Cars,GameCube,CIB,,0.00,15.00,14.99,6.42,1,available,Manual Entry,unknown,Video Games,missing barcode
e372fa25-7ce1-4802-8291-867432ebc76e,Disneyland Adventures,Xbox 360,CIB,,0.00,5.69,5.99,7.43,1,available,Manual Entry,unknown,Video Games,missing barcode
6bb6ab76-91e0-4e75-b043-6e1f7d7c24d3,Dragon Warrior,NES,CIB,,0.00,64.18,63.99,83.86,1,available,Manual Entry,unknown,Video Games,missing barcode
45528b06-f792-4539-a3d9-1f8708854104,Dragonball Z Budokai,GameCube,CIB,,0.00,18.51,18.99,7.92,1,available,Manual Entry,unknown,Video Games,missing barcode
faa66409-ee9f-45bb-a48d-842fb0c9dc0c,Dragonball Z Budokai,GameCube,CIB,,0.00,18.51,18.99,7.92,1,available,Manual Entry,unknown,Video Games,missing barcode
5d1f3886-4241-419d-b290-3a563c81ec77,ESPN NFL 2K5,Xbox,CIB,,0.00,8.17,7.99,10.67,1,available,Manual Entry,unknown,Video Games,missing barcode
179060d2-6ea6-4245-90a2-cbc2a8dc6ab1,Extreme Pinball,PlayStation,CIB,,0.00,7.47,6.99,9.76,1,available,Manual Entry,unknown,Video Games,missing barcode
63a11796-04bd-4c00-a8ca-1690ea92eefb,FIFA Soccer 07,GameCube,CIB,,0.00,51.89,51.99,22.19,1,available,Manual Entry,unknown,Video Games,missing barcode
1b83f202-f1b2-4aa1-b84f-84d9de10c4c2,Fight Night Champion,Xbox 360,CIB,,0.00,13.96,13.99,18.24,1,available,Manual Entry,unknown,Video Games,missing barcode
a9a6d5cb-52b8-44f6-a3f8-0bf39192983f,Fisherman’s Bait 2 Big Ol Bass,PlayStation,CIB,,0.00,39.34,38.99,51.40,1,available,Manual Entry,unknown,Video Games,missing barcode
5782265c-5972-4061-8f0b-825f97433d58,Galaga / Galaxian,Game Boy,CIB,,0.00,32.42,31.99,42.36,1,available,Manual Entry,unknown,Video Games,missing barcode
7031800d-9197-42d9-963a-c17542c1bf50,GameCube,GameCube,CIB,,0.00,109.05,108.99,46.64,1,available,Manual Entry,game,Video Games,missing barcode
7c092b9c-fd5d-4430-8f6d-567934713adb,Gensou Suikoden V [PlayStation 2 The Best],PlayStation 2,CIB,4988602132601,0.00,0.00,0.00,0.00,1,available,Video Games,game,Video Games,missing price
e2a996b7-4959-4893-a87a-2752c2d06d93,God of War Chains of Olympus,PSP,CIB,,0.00,33.84,33.99,14.47,1,available,Manual Entry,unknown,Video Games,missing barcode
5565d7c3-5a35-49a6-9892-ab701bd6c903,Grey GameCube Controller,GameCube,CIB,,0.00,85.41,84.99,36.53,1,available,Manual Entry,game,Video Games,missing barcode
855885d8-32dd-4d7f-826d-99c04612413e,Hardcore 4X4,PlayStation,CIB,,0.00,6.77,6.99,8.85,1,available,Manual Entry,unknown,Video Games,missing barcode
a8bcd2e6-02da-4ffc-9208-c366412fd9b2,Hitman 2 Silent Assassin,Xbox,CIB,,0.00,3.00,2.99,3.92,1,available,Manual Entry,unknown,Video Games,missing barcode
f093bbbc-c924-4802-af76-292208f9c8df,Home Alone,NES,CIB,,0.00,48.33,47.99,63.15,1,available,Manual Entry,unknown,Video Games,missing barcode
49b17540-b355-43fd-adcd-f655a3cbbe97,Infinity,Xbox 360,CIB,,0.00,22.24,21.99,29.06,1,available,Manual Entry,unknown,Video Games,missing barcode
441ca6b0-aea6-4632-904c-14e196ea86c6,Jeopardy,NES,CIB,,0.00,17.89,17.99,23.37,1,available,Manual Entry,unknown,Video Games,missing barcode
9fba8e1f-b791-421b-8ca4-b8a69ac149ca,Jeremy McGrath Supercross World,PlayStation 2,CIB,,0.00,9.48,8.99,12.39,1,available,Manual Entry,unknown,Video Games,missing barcode
c95ab2a6-52e8-4c1f-a342-0488ff81280a,Madden 07,GameCube,CIB,,0.00,6.65,6.99,2.84,1,available,Manual Entry,unknown,Video Games,missing barcode
1516b15c-a0ae-4ff9-a791-b8d1807e0d75,Madden 2004,GameCube,CIB,,0.00,8.57,8.99,3.67,1,available,Manual Entry,unknown,Video Games,missing barcode
97f521c3-87c2-4bd3-b056-076738188ee0,Makai Senki Disgaea [Playstation 2 the Best],PlayStation 2,CIB,4995506000653,0.00,0.00,0.00,0.00,1,available,Video Games,game,Video Games,missing price
76b03b07-fc49-4c69-a688-4ef131b91021,Mario & Sonic at the Olympic Games,DS,CIB,,0.00,10.25,9.99,13.39,1,available,Manual Entry,game,Video Games,missing barcode
1a03323c-ebf0-4288-932c-3b4aa64501e5,Mario Party 6,GameCube,CIB,,0.00,96.00,95.99,41.06,1,available,Manual Entry,unknown,Video Games,missing barcode
3f09d817-66d6-47b9-8cf6-bd3cf4728f77,Mario Power Tennis,GameCube,CIB,,0.00,38.09,37.99,16.29,1,available,Manual Entry,unknown,Video Games,missing barcode
bb12db86-380e-4713-bd77-c01b9a829fb7,Metroid Prime,GameCube,CIB,,0.00,24.99,24.99,10.69,1,available,Manual Entry,unknown,Video Games,missing barcode
f7c74d62-dacb-4549-980b-32cb152e496e,MLB 2005,PlayStation 2,CIB,,0.00,6.01,5.99,7.85,1,available,Manual Entry,unknown,Video Games,missing barcode
1be92263-41b1-4536-bbdb-1d5d01634c4f,Monster Garage,Xbox,CIB,,0.00,6.99,6.99,9.13,1,available,Manual Entry,unknown,Video Games,missing barcode
8e93ce06-6fb7-47ce-987e-505c46823175,Naruto Clash of Ninja 2,GameCube,CIB,,0.00,17.47,16.99,7.47,1,available,Manual Entry,unknown,Video Games,missing barcode
be66dbfd-3e9f-4c8d-b2d8-f3ae6890af8c,NBA 2K2,GameCube,CIB,,0.00,8.80,8.99,3.76,1,available,Manual Entry,unknown,Video Games,missing barcode
6a05bb72-7c1d-489a-936d-5bf2ece7321f,NBA Live 2005,GameCube,CIB,,0.00,8.77,8.99,3.75,1,available,Manual Entry,unknown,Video Games,missing barcode
5ff0b80e-7407-442a-b99e-ee41602cbbad,NBA Street,GameCube,CIB,,0.00,19.48,18.99,18.15,1,available,Manual Entry,unknown,Video Games,missing barcode
36b9fca8-e3ad-4b80-afd2-f09c70b9a75c,NBA Street V3,GameCube,CIB,,0.00,19.63,19.99,8.40,1,available,Manual Entry,unknown,Video Games,missing barcode
20a4e4b4-4fc2-4e63-91b6-6e16283c6230,NCAA Football 2005,GameCube,CIB,,0.00,10.46,9.99,4.47,1,available,Manual Entry,unknown,Video Games,missing barcode
d5fdf5f2-d586-4748-b5e8-23ce4fed8131,NCAA Football 2005,Xbox,CIB,,0.00,6.86,6.99,7.81,1,available,Manual Entry,unknown,Video Games,missing barcode
9d4f5e44-eea4-4cff-843a-90cc5d7e13e6,Need for Speed Most Wanted,GameCube,CIB,,0.00,36.08,35.99,16.04,1,available,Manual Entry,unknown,Video Games,missing barcode
91a28b84-19de-46ef-810f-1b2ad22c0604,Need for Speed Underground 2,Xbox,CIB,,0.00,18.93,18.99,24.73,1,available,Manual Entry,unknown,Video Games,missing barcode
801a49a6-6edc-4f30-93f7-b9816e779064,NFL 2K3,GameCube,CIB,,0.00,7.00,6.99,2.99,1,available,Manual Entry,unknown,Video Games,missing barcode
676e749f-60a7-4628-8341-890002a290d2,NFL Blitz 2002,GameCube,CIB,,0.00,15.00,14.99,6.42,1,available,Manual Entry,unknown,Video Games,missing barcode
294596f9-4811-4015-8168-74e75576a394,NFL Blitz 2003,GameCube,CIB,,0.00,21.52,21.99,9.20,1,available,Manual Entry,unknown,Video Games,missing barcode
0a828512-eff8-429f-997b-d8219ebb57b0,NFL Street,GameCube,CIB,,0.00,47.49,46.99,20.31,1,available,Manual Entry,unknown,Video Games,missing barcode
8e0207e6-9372-40f6-b419-32ce062e40b6,NFL Street 2,Xbox,CIB,,0.00,15.00,14.99,19.60,1,available,Manual Entry,unknown,Video Games,missing barcode
12d49863-7d40-4301-9ace-327310de82a4,NFL Street 2,Xbox,CIB,,0.00,15.00,14.99,19.60,1,available,Manual Entry,unknown,Video Games,missing barcode
a9bb3a5a-ce51-41c4-96a0-84a746f76f1c,NHL Hitz 2003,GameCube,CIB,,0.00,37.91,37.99,16.21,1,available,Manual Entry,unknown,Video Games,missing barcode
7ac4a4f6-7c79-4968-9bb4-5ba041f90ceb,PlayStation 2 8MB Memory Card,PlayStation 2,CIB,,0.00,15.54,15.99,20.30,1,available,Manual Entry,memory_card,Video Games,missing barcode
4186beb5-b227-4e55-9d01-476e57df551e,Pocket Bike Racer,Xbox,CIB,,0.00,0.00,0.00,0.00,1,available,Manual Entry,unknown,Video Games,missing price; missing barcode
e9b2b606-9b6f-4b98-8cfe-d663906bda9f,Pokémon XD Gale of Darkness,GameCube,CIB,,0.00,214.54,214.99,91.76,1,available,Manual Entry,game,Video Games,missing barcode
7e3eae70-80bd-471e-8fe2-a8117566e750,Project Gotham Racing,Xbox,CIB,,0.00,7.99,7.99,10.44,1,available,Manual Entry,unknown,Video Games,missing barcode
bb9b8b28-33b2-4654-b027-c2be6e5ee4f0,RC Revenge Pro,PlayStation 2,CIB,,0.00,11.73,11.99,15.33,1,available,Manual Entry,unknown,Video Games,missing barcode
120c6535-141e-4fd7-8eca-0979d7782748,Reel Fishing,PlayStation,CIB,,0.00,9.02,8.99,11.79,1,available,Manual Entry,unknown,Video Games,missing barcode
9bb2d2b5-da11-4543-b40a-f756b58caab4,Sega Bass Fishing Duel,PlayStation 2,CIB,,0.00,9.59,9.99,12.53,1,available,Manual Entry,game,Video Games,missing barcode
4332f427-d60f-4a87-b4da-3fa5f80389f6,Shinsengumi Gunrou-Den,PlayStation 2,CIB,4974365830878,0.00,0.00,0.00,0.00,1,available,Video Games,game,Video Games,missing price
27c0a535-fe55-40ec-a9a4-3d4c45b0f039,Skylanders Giants,Xbox 360,CIB,,0.00,40.00,39.99,52.26,1,available,Manual Entry,unknown,Video Games,missing barcode
dc5d2192-714f-4101-b70f-2ae7f003c330,Skylanders Swap Force,Xbox 360,CIB,,0.00,10.75,10.99,14.05,1,available,Manual Entry,unknown,Video Games,missing barcode
8fbd47c7-9aab-4c6a-a765-e75027280ca0,Sonic Boom Fire & Ice,3DS,CIB,,0.00,13.77,13.99,17.99,1,available,Manual Entry,unknown,Video Games,missing barcode
2ce01837-fe29-4943-8e1a-3d442e9db5c4,Star Wars Battlefront,Xbox,CIB,,0.00,15.65,15.99,20.45,1,available,Manual Entry,unknown,Video Games,missing barcode
6f459285-88f9-483c-aec3-ef2dfda7abd5,Star Wars Battlefront 2,Xbox,CIB,,0.00,15.65,15.99,20.45,1,available,Manual Entry,unknown,Video Games,missing barcode
2858ce0c-d4cc-4461-9d95-103e2c8d58db,Stuntman,PlayStation 2,CIB,,0.00,8.49,7.99,11.09,1,available,Manual Entry,unknown,Video Games,missing barcode
1ff06926-3fb6-4ec9-937c-d48811db7fd6,Team Elimination Games,Wii,CIB,,0.00,8.95,8.99,11.69,1,available,Manual Entry,game,Video Games,missing barcode
86d48349-b15e-4842-b9dc-be01f9ae0c1e,Tetris,Game Boy,CIB,,0.00,15.84,15.99,20.70,1,available,Manual Entry,unknown,Video Games,missing barcode
4ad3b494-178c-4e3f-8a0f-f2465d3ac5dd,Tetris,NES,CIB,,0.00,25.75,25.99,33.64,1,available,Manual Entry,unknown,Video Games,missing barcode
b38832c0-85d3-40c7-a5f7-a3d777753b5f,Tetris 2,Game Boy,CIB,,0.00,31.85,31.99,41.61,1,available,Manual Entry,unknown,Video Games,missing barcode
e8c34be1-68d1-41b8-82ab-b7e4c6891723,The Dukes of Hazzard Return of the General Lee,PlayStation 2,CIB,,0.00,25.00,24.99,32.66,1,available,Manual Entry,unknown,Video Games,missing barcode
e9f66890-2846-4ef8-bdb0-12d84e98bcf4,Tony Hawks Pro Skater 4,GameCube,CIB,,0.00,14.99,14.99,6.41,1,available,Manual Entry,unknown,Video Games,missing barcode
aa32058b-22c2-4c6f-87a0-efc52345c30c,Tony Hawks Pro Skater 4,GameCube,CIB,,0.00,14.99,14.99,6.41,1,available,Manual Entry,unknown,Video Games,missing barcode
616bcece-9eb0-4214-b290-431deda63be6,Tony Hawks Underground,GameCube,CIB,,0.00,19.99,19.99,8.55,1,available,Manual Entry,unknown,Video Games,missing barcode