Name,Price,SKU,Code,Category,Taxable,Quantity
007 Everything or Nothing (PlayStation 2 - CIB),5.99,RLP-801C335EE4,014633147148,Video Games,TRUE,1
007 Night Fire (Xbox - CIB),8.99,RLP-B86CAB1904,,Video Games,TRUE,1
18 Wheeler American Pro Trucker (PlayStation 2 - CIB),7.99,RLP-34D248C031,021481232698,Video Games,TRUE,1
7 Days to Die (PlayStation 4 - CIB),13.99,RLP-4ED7F57ED3,894515001801,Video Games,TRUE,1
A Blade So Black (Book - Loose),7.99,RLP-45A0D04030,9781250211668,Books & Media,TRUE,1
A Court of Wings and Ruin (Book - Loose),8.99,RLP-EC80BA9E21,9781635575606,Books & Media,TRUE,1
A Dawn of Onyx (Book - Loose),7.99,RLP-F0DE2F175E,A Dawn of Onyx,Books & Media,TRUE,1
A Touch of Darkness (Book - Loose),4.99,RLP-E1C92DA1D6,9781070723310,Books & Media,TRUE,1
Abraham Lincoln (Book - Loose),6.99,RLP-C1C04ADFA4,9781455510177,Books & Media,TRUE,1
Ace Combat 5 Unsung War (PlayStation 2 - CIB),9.99,RLP-432EB054ED,722674100168,Video Games,TRUE,1
"After (After Series, Book 1) (Book - Loose)",5.99,RLP-8793CDB4AC,9781982111007,Books & Media,TRUE,1
All the Right Reasons (Book - Loose),11.99,RLP-07CD79386F,9781534499034,Books & Media,TRUE,1
American Ninja Warrior (PlayStation 4 - CIB),6.99,RLP-9A95F99B5F,856131008046,Video Games,TRUE,1
Animal Crossing: City Folk (Wii - CIB),10.99,RLP-5354CC0850,4902370517248,Video Games,TRUE,1
Arc the Lad: Seirei no Koukon (PlayStation 2 - CIB),9.99,RLP-AAA7DEA68A,4948872150415,Video Games,TRUE,1
Are You Smarter Than A 5th Grader? Make the Grade (PlayStation 2 - CIB),2.99,RLP-2E58D2880D,752919461501,Video Games,TRUE,1
Arena Football Road to Glory (PlayStation 2 - CIB),8.99,RLP-C30E56EC86,014633153200,Video Games,TRUE,1
Assassin's Creed (Xbox 360 - CIB),5.99,RLP-B41C8242FC,008888523390,Video Games,TRUE,1
Assassin's Creed II (PlayStation 3 - CIB),3.99,RLP-1D7933CAC7,008888345343,Video Games,TRUE,1
Assassin's Creed III (PlayStation 3 - CIB),3.99,RLP-DC1D1A46C9,008888347231,Video Games,TRUE,1
Assassin's Creed III [Gamestop Edition] (Xbox 360 - CIB),5.99,RLP-29A5AD6101,008888597230,Video Games,TRUE,1
Atari Anthology (PlayStation 2 - CIB),8.99,RLP-BD6C9638D3,742725260818,Video Games,TRUE,1
Backyard Sports: Rookie Rush (Wii - CIB),4.99,RLP-2E17DA5395,742725281257,Video Games,TRUE,1
Batman: Arkham Asylum [Game of the Year Greatest Hits] (PlayStation 3 - CIB),8.99,RLP-E04CC7D87D,788687501088,Video Games,TRUE,1
Batman: Arkham City (PlayStation 3 - CIB),6.99,RLP-D3AE305AF8,883929172054,Video Games,TRUE,1
Battle Arena Toshinden (PlayStation - CIB),6.99,RLP-7B5E7EA6EA,4904880133093,Video Games,TRUE,1
Battlefield 3 (PlayStation 3 - CIB),6.99,RLP-ED3A98609D,014633197280,Video Games,TRUE,1
Battlefield 3 [Limited Edition] (Xbox 360 - CIB),3.99,RLP-E04F4FCE3D,014633195934,Video Games,TRUE,1
Battlefield 4 (PlayStation 3 - CIB),3.99,RLP-4AC7F8C15A,014633732290,Video Games,TRUE,1
Battlefield: Bad Company 2 (PlayStation 3 - CIB),5.99,RLP-8E54370969,014633156720,Video Games,TRUE,1
Beach Vibes (Book - Loose),7.99,RLP-0AF6956C02,9781335001245,Books & Media,TRUE,1
Beast You Are (Book - Loose),9.99,RLP-621C6C9DA0,9780063069978,Books & Media,TRUE,1
Big Bumpin (Xbox - CIB),3.99,RLP-6B931600DD,,Video Games,TRUE,1
BioShock 2 (Xbox 360 - CIB),5.99,RLP-41B56DC614,710425395536,Video Games,TRUE,1
Black GameCube Controller (GameCube - CIB),52.99,RLP-6998A006D4,,Video Games,TRUE,1
Boku To Sim No Machi (Wii - CIB),12.99,RLP-362D2274DC,4938833007919,Video Games,TRUE,1
Boogie [Bundle] (PlayStation 2 - CIB),2.99,RLP-DD75EB4CDF,014633158960,Video Games,TRUE,1
Book Blind Date (Book - Loose),9.99,RLP-307916002C,Book Blind Date,Books & Media,TRUE,1
Book Blind Date (Book - Loose),9.99,RLP-262DB4268A,Book Blind Date,Books & Media,TRUE,1
Book Blind Date (Book - Loose),9.99,RLP-272E0726F7,Book Blind Date,Books & Media,TRUE,1
Book Blind Date (Book - Loose),9.99,RLP-360FF765D5,Book Blind Date,Books & Media,TRUE,1
Book Blind Date (Book - Loose),9.99,RLP-54B0A0C667,Book Blind Date,Books & Media,TRUE,1
Book Blind Date (Book - Loose),9.99,RLP-570BF16AB6,Book Blind Date,Books & Media,TRUE,1
Book Blind Date (Book - Loose),9.99,RLP-2F5BC6DADF,Book Blind Date,Books & Media,TRUE,1
Book Blind Date (Book - Loose),9.99,RLP-E5C326698E,Book Blind Date,Books & Media,TRUE,1
Borderlands 2 [Game of the Year] (PlayStation 3 - CIB),13.99,RLP-DCEBBC3E36,710425473333,Video Games,TRUE,1
Burnout Point of Impact 2 (GameCube - CIB),31.99,RLP-7C599E6547,,Video Games,TRUE,1
Cabelas Alaskan Adventures (PlayStation 2 - CIB),3.99,RLP-13CB5F3AB4,,Video Games,TRUE,1
Cabelas Big Game Hunter (PlayStation 2 - CIB),28.99,RLP-1ED34A327C,,Video Games,TRUE,1
Cabelas Deer Hunt 2004 Season (PlayStation 2 - CIB),2.99,RLP-433702DA32,,Video Games,TRUE,1
Call of Duty 2 Big Red One (PlayStation 2 - CIB),7.99,RLP-7138DE7281,047875810211,Video Games,TRUE,1
Call of Duty 4 Modern Warfare (PlayStation 3 - CIB),5.99,RLP-7085E8BC6D,047875830813,Video Games,TRUE,1
Call of Duty Black Ops II (Xbox 360 - CIB),15.99,RLP-9553F2A464,047875843851,Video Games,TRUE,1
Can't Take My Eyes Off Of You (Book - Loose),9.99,RLP-8002525FC6,9781945253300,Books & Media,TRUE,1
Cars (GameCube - CIB),14.99,RLP-6F0F404FBB,,Video Games,TRUE,1
Cars (Xbox - CIB),8.99,RLP-B965FF0D4A,752919520574,Video Games,TRUE,1
Chicken Shoot (Wii - CIB),7.99,RLP-2A727AA238,802068101350,Video Games,TRUE,1
Cold Stone Creamery: Scoop It Up (Wii - CIB),6.99,RLP-A172D715FE,802068102531,Video Games,TRUE,1
Dai-2-Ji Super Robot Wars Alpha (CIB),9.99,RLP-22F2E9D223,4983164737776,Video Games,TRUE,1
Dai-2-Ji Super Robot Wars Alpha (PlayStation 2 - CIB),9.99,RLP-8E198C7BFA,4983164737776,Video Games,TRUE,1
Dai-2-Ji Super Robot Wars Alpha (PlayStation 2 - CIB),9.99,RLP-4EDC9EB90B,4983164737776,Video Games,TRUE,1
Dai-2-Ji Super Robot Wars Alpha (CIB),9.99,RLP-927B10B292,4983164737776,Video Games,TRUE,1
Dance Central 3 (Xbox 360 - CIB),9.99,RLP-7878ABFD62,885370523522,Video Games,TRUE,1
Dance Dance Revolution Extreme 2 (PlayStation 2 - CIB),9.99,RLP-0D4C0D8A2B,083717201281,Video Games,TRUE,1
Dead Space 3 [Limited Edition] (Xbox 360 - CIB),7.99,RLP-E0FC336F1F,014633197235,Video Games,TRUE,1
Dishonored [Definitive Edition] (Xbox One - CIB),10.99,RLP-50AA371CA1,093155170681,Video Games,TRUE,1
Disney Sing It (Xbox 360 - CIB),2.99,RLP-39752F3D03,712725005696,Video Games,TRUE,1
Disneyland Adventures (Xbox 360 - CIB),5.99,RLP-E372FA257C,,Video Games,TRUE,1
DMC: Devil May Cry (Xbox 360 - CIB),7.99,RLP-962DB77455,013388330287,Video Games,TRUE,1
Does It Hurt? (Book - Loose),15.99,RLP-22CA4513C9,9781638932499,Books & Media,TRUE,1
Dragon Age II (PlayStation 3 - CIB),6.99,RLP-7D09688424,014633195002,Video Games,TRUE,1
Dragon Ball Z (PlayStation 2 - CIB),25.99,RLP-F1C1677471,4543112084514,Video Games,TRUE,1
Dragon Ball Z 3 (PlayStation 2 - CIB),9.99,RLP-EDCBA14EE8,4543112319036,Video Games,TRUE,1
Dragon Ball Z Sparking (PlayStation 2 - CIB),8.99,RLP-47D6029A4C,4543112378835,Video Games,TRUE,1
Dragon Quest 7 (PlayStation - CIB),6.99,RLP-A4AFA4DC29,4988601003292,Video Games,TRUE,1
Dragon Quest VIII (PlayStation 2 - CIB),8.99,RLP-3A49D71F6C,4988601004107,Video Games,TRUE,1
Dragon Warrior (NES - CIB),63.99,RLP-6BB6AB7691,,Video Games,TRUE,1
Dragon's Dogma (PlayStation 3 - CIB),2.99,RLP-D7F8DE5647,4976219042888,Video Games,TRUE,1
Dragonball Z Budokai (GameCube - CIB),18.99,RLP-45528B06F7,,Video Games,TRUE,1
Dragonball Z Budokai (GameCube - CIB),18.99,RLP-FAA66409EE,,Video Games,TRUE,1
ESPN NFL 2K5 (Xbox - CIB),7.99,RLP-5D1F388642,,Video Games,TRUE,1
Evolve (Xbox One - CIB),3.99,RLP-014EE9DAD8,710425493751,Video Games,TRUE,1
EX Jinsei Game (PlayStation 2 - CIB),7.99,RLP-1F0BD90486,4904880138654,Video Games,TRUE,1
Extreme Pinball (PlayStation - CIB),6.99,RLP-179060D26E,,Video Games,TRUE,1
Eyepet & Friends (PlayStation 3 - CIB),4.99,RLP-68D9FDC8E1,711719823520,Video Games,TRUE,1
FIFA 14 (PlayStation 3 - CIB),7.99,RLP-65F91768A5,014633730401,Video Games,TRUE,1
FIFA 16 (Xbox One - CIB),3.99,RLP-53CE0477A8,014633369281,Video Games,TRUE,1
FIFA Soccer 07 (GameCube - CIB),51.99,RLP-63A1179604,,Video Games,TRUE,1
FIFA Soccer 11 (PlayStation 3 - CIB),4.99,RLP-AB21C2C758,014633193213,Video Games,TRUE,1
FIFA Street 3 (Xbox 360 - CIB),12.99,RLP-E279E5B916,014633155617,Video Games,TRUE,1
Fifty Shades Collection (Book - Loose),9.99,RLP-06B1623462,Fifty Shades Collection,Books & Media,TRUE,1
Fifty shades freed (Book - Loose),4.99,RLP-ACEC17D7AD,9780345803504,Books & Media,TRUE,1
Fight Night Champion (Xbox 360 - CIB),13.99,RLP-1B83F202F1,,Video Games,TRUE,1
Final Fantasy X-2 (PlayStation 2 - CIB),12.99,RLP-E59707D285,4961012028207,Video Games,TRUE,1
Final Fantasy X-2 (PlayStation 2 - CIB),8.99,RLP-C0613AA27F,4961012028207,Video Games,TRUE,1
Final Fantasy X-2 (PlayStation 2 - CIB),8.99,RLP-EC1F0EB810,4961012028207,Video Games,TRUE,1
Final Fantasy XII (PlayStation 2 - CIB),9.99,RLP-3EB6BA18BF,4988601004459,Video Games,TRUE,1
Final Fantasy XIII (PlayStation 3 - CIB),11.99,RLP-59F90CFEA5,4988601006187,Video Games,TRUE,1
Fisherman’s Bait 2 Big Ol Bass (PlayStation - CIB),38.99,RLP-A9A6D5CB52,,Video Games,TRUE,1
Five Days in Paris (Book - Loose),9.99,RLP-7B53FB7C13,9780345528193,Books & Media,TRUE,1
Five Feet Apart (Book - Loose),4.99,RLP-E3693D5B6E,Five Feet Apart,Books & Media,TRUE,1
Fort Point (Book - Loose),9.99,RLP-CD75407505,9780997230871,Books & Media,TRUE,1
Fourth Wing (Book - Loose),15.99,RLP-B82AF411AE,9781649374042,Books & Media,TRUE,1
Fourth Wing (Book - Loose),15.99,RLP-40914EB4C5,9781649374042,Books & Media,TRUE,1
Full Metal Alchemist Hagane no Renkinjutsushi (PlayStation 2 - CIB),50.99,RLP-68C3C06E2B,4988601003933,Video Games,TRUE,1
Full Spectrum Warrior (Xbox - CIB),7.99,RLP-55E562301E,752919520239,Video Games,TRUE,1
Gacharoku (PlayStation 2 - CIB),10.99,RLP-BEF3378AA4,4948872110266,Video Games,TRUE,1
Galaga / Galaxian (Game Boy - CIB),31.99,RLP-5782265C59,,Video Games,TRUE,1
Game Party 2 (Wii - CIB),8.99,RLP-50DE65CC15,031719192045,Video Games,TRUE,1
GameCube (GameCube - CIB),108.99,RLP-7031800D91,,Video Games,TRUE,1
Gears 5 (Xbox One - CIB),13.99,RLP-7308AA579F,889842519099,Video Games,TRUE,1
Gears of War 4 (Xbox One - CIB),9.99,RLP-D122845FAC,889842118650,Video Games,TRUE,1
Genso Suikoden (PlayStation - CIB),22.99,RLP-A1B8A87EB9,4988602624304,Video Games,TRUE,1
Genso Suikoden (PlayStation - CIB),22.99,RLP-D9ABD1B742,4988602624304,Video Games,TRUE,1
Genso Suikoden III [First Print Limited Edition] (PlayStation 2 - CIB),3.99,RLP-80CF637D74,4542084000560,Video Games,TRUE,1
Genso Suikoden V (PlayStation 2 - CIB),17.99,RLP-5B65551367,4988602124774,Video Games,TRUE,1
Gensou Suikoden V [PlayStation 2 The Best] (PlayStation 2 - CIB),0.00,RLP-7C092B9CFD,4988602132601,Video Games,TRUE,1
Girls in Pants (Book - Loose),5.99,RLP-DB1E93267C,9780385729352,Books & Media,TRUE,1
God of War Chains of Olympus (PSP - CIB),33.99,RLP-E2A996B749,,Video Games,TRUE,1
Golden Axe Beast Rider (Xbox 360 - CIB),9.99,RLP-696823DAB1,010086680119,Video Games,TRUE,1
Green Light (Book - Loose),39.99,RLP-E0CA7ED23F,Green Light,Books & Media,TRUE,1
Grey GameCube Controller (GameCube - CIB),84.99,RLP-5565D7C35A,,Video Games,TRUE,1
Hanjuku Eiyuu Tai 3D (PlayStation 2 - CIB),8.99,RLP-BA5658322D,4961012038237,Video Games,TRUE,1
Hard Hitter Tennis (PlayStation 2 - CIB),7.99,RLP-28D3898FE5,730865520213,Video Games,TRUE,1
Hardcore 4X4 (PlayStation - CIB),6.99,RLP-855885D832,,Video Games,TRUE,1
Haven Call of the King (PlayStation 2 - CIB),7.99,RLP-70A0C5EBB1,031719268924,Video Games,TRUE,1
Heart Bones (Book - Loose),8.99,RLP-B7C977666F,9781668021910,Books & Media,TRUE,1
Heart Of Texas Vol. 3 (Book - Loose),9.99,RLP-16D4B004AC,9780778325093,Books & Media,TRUE,1
Heartstopper Collection (Book - Loose),29.99,RLP-53843552B3,Heartstopper Collection,Books & Media,TRUE,1
High School Musical 3 Senior Year Dance (Wii - CIB),4.99,RLP-CB5B0EAAD7,712725004736,Video Games,TRUE,1
High School Musical Sing It (PlayStation 3 - CIB),5.99,RLP-4CC3732407,712725003517,Video Games,TRUE,1
Hitman 2 Silent Assassin (Xbox - CIB),2.99,RLP-A8BCD2E602,,Video Games,TRUE,1
Hollywood Squares (Xbox 360 - CIB),6.99,RLP-51E802A751,008888176213,Video Games,TRUE,1
Home Alone (NES - CIB),47.99,RLP-F093BBBCC9,,Video Games,TRUE,1
Home Is Where the Bodies Are (Book - Loose),12.99,RLP-AD1013F8CB,9798212182843,Books & Media,TRUE,1
Honk if you love real men (Book - Loose),9.99,RLP-4AC8375A06,9780312339166,Books & Media,TRUE,1
How to Train Your Dragon (Wii - CIB),12.99,RLP-26408AA37F,047875839038,Video Games,TRUE,1
iCarly (DS - CIB),7.99,RLP-6E54F67931,047875759794,Video Games,TRUE,1
Icebreaker (Book - Loose),8.99,RLP-8A7ECAAC61,9781668026038,Books & Media,TRUE,1
If we ever meet again (Book - Loose),6.99,RLP-4D6E1FC579,If we ever meet again,Books & Media,TRUE,1
IHRA Drag Racing Sportsman Edition (PlayStation 2 - CIB),5.99,RLP-E9002D599F,093155119406,Video Games,TRUE,1
Infinity (Xbox 360 - CIB),21.99,RLP-49B17540B3,,Video Games,TRUE,1
Inuyasha (PlayStation - CIB),16.99,RLP-7AF37BECC2,4543112055453,Video Games,TRUE,1
Iron Flame (Book - Loose),16.99,RLP-A712273175,9781649374172,Books & Media,TRUE,1
It Ends With Us (Book - Loose),5.99,RLP-47C55192A3,9781668055960,Books & Media,TRUE,1
It Ends With Us (Book - Loose),5.99,RLP-E9AC2BB9D0,9781501110368,Books & Media,TRUE,1
It Ends With Us (Book - Loose),5.99,RLP-81681F6E4A,9781501110368,Books & Media,TRUE,1
It Starts with Us (Book - Loose),5.99,RLP-FCA2183945,9781668001226,Books & Media,TRUE,1
It Starts with Us (Book - Loose),5.99,RLP-CB62DEDC2E,9781398518179,Books & Media,TRUE,1
Jeopardy (NES - CIB),17.99,RLP-441CA6B0AE,,Video Games,TRUE,1
Jeremy McGrath Supercross World (PlayStation 2 - CIB),8.99,RLP-9FBA8E1FB7,,Video Games,TRUE,1
Jillian Michaels' Fitness Ultimatum 2009 (Wii - CIB),2.99,RLP-2DCC7F13A4,096427015529,Video Games,TRUE,1
Jimmy Neutron Attack of the Twonkies (PlayStation 2 - CIB),11.99,RLP-CB54AF081E,752919460580,Video Games,TRUE,1
Just Cause 3 (Xbox One - CIB),6.99,RLP-829E4D35E4,662248915814,Video Games,TRUE,1
Just Dance 3 (Xbox 360 - CIB),6.99,RLP-A58842DEE9,008888526773,Video Games,TRUE,1
Just Dance Wii (Wii - CIB),10.99,RLP-BE1550248E,4902370519167,Video Games,TRUE,1
Just Dance Wii (Wii - CIB),9.99,RLP-6ADCFFE098,4902370519167,Video Games,TRUE,1
Karaoke Revolution 3 (PlayStation 2 - CIB),6.99,RLP-5556B870EA,083717200932,Video Games,TRUE,1
Karaoke Revolution Glee Vol 3 (Xbox 360 - CIB),4.99,RLP-A0C0A2DA7C,083717301363,Video Games,TRUE,1
Kelly Slater's Pro Surfer (Xbox - CIB),7.99,RLP-41043504B4,047875801912,Video Games,TRUE,1
Kinect Sports (Xbox 360 - CIB),4.99,RLP-92960A5F76,885370211337,Video Games,TRUE,1
Kinect Star Wars (Xbox 360 - CIB),5.99,RLP-B423E3A65E,023272344788,Video Games,TRUE,1
Kingdom Hearts 2 (PlayStation 2 - CIB),10.99,RLP-4CFABA6B3F,4988601004404,Video Games,TRUE,1
Kingdom Hearts II Final Mix [Limited Edition] (PlayStation 2 - CIB),89.99,RLP-9C8DCF94C7,4988601004947,Video Games,TRUE,1
Kingdom Hearts II Final Mix [Limited Edition] (PlayStation 2 - CIB),89.99,RLP-0D06FB56E3,4988601004947,Video Games,TRUE,1
Kingdom Hearts II Final Mix [Limited Edition] (PlayStation 2 - CIB),89.99,RLP-0652F9399F,4988601004947,Video Games,TRUE,1
Kings of Colorado (Book - Loose),9.99,RLP-EAA56F2101,9781439183830,Books & Media,TRUE,1
Legend (Book - Loose),4.99,RLP-C576F5D1E9,9780399256752,Books & Media,TRUE,1
Legends of Wrestling (PlayStation 2 - CIB),6.99,RLP-260E148266,021481232650,Video Games,TRUE,1
Legends of Wrestling (PlayStation 2 - CIB),6.99,RLP-7D3CA8DE37,021481232650,Video Games,TRUE,1
LEGO Batman 2 (PlayStation 3 - CIB),6.99,RLP-5BF39F6699,883929243440,Video Games,TRUE,1
LEGO Batman 3: Beyond Gotham (PlayStation 3 - CIB),7.99,RLP-7B377DF17C,883929427253,Video Games,TRUE,1
LEGO Marvel Super Heroes (Xbox 360 - CIB),5.99,RLP-85E014599D,883929319701,Video Games,TRUE,1
LEGO Marvel Super Heroes (PlayStation 3 - CIB),6.99,RLP-10B78F626F,883929319558,Video Games,TRUE,1
LEGO Movie Videogame (PlayStation 3 - CIB),7.99,RLP-B3C1646401,883929375325,Video Games,TRUE,1
LEGO Pirates of the Caribbean: The Video Game (Xbox 360 - CIB),10.99,RLP-E54F45CCF6,712725021146,Video Games,TRUE,1
LEGO Rock Band (PlayStation 3 - CIB),9.99,RLP-3767A2DF53,883929077793,Video Games,TRUE,1
LEGO Star Wars II Original Trilogy (GameCube - CIB),12.99,RLP-CE7CF6B760,023272329587,Video Games,TRUE,1
LEGO Star Wars III: The Clone Wars (DS - CIB),8.99,RLP-85CB3F972A,023272342654,Video Games,TRUE,1
LEGO Star Wars III: The Clone Wars (DS - CIB),4.99,RLP-A9D185B3D4,023272342616,Video Games,TRUE,1
Lightlark (Book - Loose),6.99,RLP-B9C4676356,9781419760877,Books & Media,TRUE,1
Lights Out (Book - Loose),14.99,RLP-223F87DB67,9781638932239,Books & Media,TRUE,1
LittleBigPlanet (PlayStation 3 - CIB),9.99,RLP-8F6BE7A700,711719819929,Video Games,TRUE,1
Lords of Misrule (Book - Loose),16.99,RLP-7FFB86D6CC,Lords of Misrule,Books & Media,TRUE,1
Lupin III: Columbus no Isan wa Akenisomaru (PlayStation 2 - CIB),14.99,RLP-17DA42F37E,4983164735543,Video Games,TRUE,1
Madden 07 (GameCube - CIB),6.99,RLP-C95AB2A652,,Video Games,TRUE,1
Madden 2003 (PlayStation 2 - CIB),8.99,RLP-CE42BD7F4D,014633145151,Video Games,TRUE,1
Madden 2004 (GameCube - CIB),8.99,RLP-1516B15CA0,,Video Games,TRUE,1
Madden 2006 (PlayStation 2 - CIB),1.99,RLP-8CE209E045,014633149388,Video Games,TRUE,1
Madden 2008 (PlayStation 2 - CIB),5.99,RLP-F6A9C9B409,014633154023,Video Games,TRUE,1
Madden 2008 (PlayStation 3 - CIB),5.99,RLP-CA119A80E7,014633154283,Video Games,TRUE,1
Madden 2009 (PlayStation 3 - CIB),2.99,RLP-2A258FD06B,014633154627,Video Games,TRUE,1
Madden 2009 (PlayStation 3 - CIB),5.99,RLP-D47F0FC672,014633154627,Video Games,TRUE,1
Madden 97 (PlayStation - CIB),9.99,RLP-8E612953DA,014633077254,Video Games,TRUE,1
Madden 98 (PlayStation - CIB),9.99,RLP-C3F9CD6B90,014633078015,Video Games,TRUE,1
Madden NFL 10 (PlayStation 3 - CIB),5.99,RLP-4813B7AF0B,014633190236,Video Games,TRUE,1
Madden NFL 11 (Xbox 360 - CIB),7.99,RLP-D430AE4279,014633193572,Video Games,TRUE,1
Madden NFL 11 (PlayStation 3 - CIB),6.99,RLP-2BFE5C2895,014633193565,Video Games,TRUE,1
Madden NFL 12 (PlayStation 3 - CIB),4.99,RLP-2B83CC725A,014633196467,Video Games,TRUE,1
Madden NFL 12 (PlayStation 3 - CIB),5.99,RLP-A8444C62C7,014633196467,Video Games,TRUE,1
Madden NFL 12 Hall of Fame Edition (PlayStation 3 - CIB),8.99,RLP-897DBD7F3C,014633196917,Video Games,TRUE,1
Madden NFL 13 (PlayStation 3 - CIB),8.99,RLP-98B657D0A4,014633197341,Video Games,TRUE,1
Madden NFL 16 (PlayStation 4 - CIB),6.99,RLP-07D5286CE7,014633733808,Video Games,TRUE,1
Madden NFL 16 (Xbox One - CIB),5.99,RLP-23F424DCC5,014633733815,Video Games,TRUE,1
Madden NFL 18 (Xbox One - CIB),2.99,RLP-04A178AF25,014633370034,Video Games,TRUE,1
Madden NFL 21 (Xbox One - CIB),3.99,RLP-B08BB93F31,014633379808,Video Games,TRUE,1
Madden NFL 25 (PlayStation 3 - CIB),4.99,RLP-101923EA6B,014633730562,Video Games,TRUE,1
Madden NFL 25 [Bonus Edition] (Xbox 360 - CIB),9.99,RLP-C27127F9CE,014633367447,Video Games,TRUE,1
Major League Baseball 2K10 (Xbox 360 - CIB),5.99,RLP-39C37BC26E,710425397455,Video Games,TRUE,1
Major League Baseball 2K8 (Xbox 360 - CIB),4.99,RLP-9C30666A17,710425393525,Video Games,TRUE,1
Makai Senki Disgaea [Playstation 2 the Best] (PlayStation 2 - CIB),0.00,RLP-97F521C387,4995506000653,Video Games,TRUE,1
Mario & Sonic at the Olympic Games (DS - CIB),9.99,RLP-76B03B07FC,,Video Games,TRUE,1
Mario Party 4 (GameCube - CIB),61.99,RLP-0C1D0E82C2,045496960384,Video Games,TRUE,1
Mario Party 6 (GameCube - CIB),95.99,RLP-1A03323CEB,,Video Games,TRUE,1
Mario Power Tennis (GameCube - CIB),37.99,RLP-3F09D81766,,Video Games,TRUE,1
Maximo (PlayStation 2 - CIB),15.99,RLP-CDDA6C2948,4976219654142,Video Games,TRUE,1
Maybe Not (Book - Loose),6.99,RLP-ED076AF4C6,9781501125713,Books & Media,TRUE,1
Maybe Now (Book - Loose),7.99,RLP-5FEA2C744B,9781668013342,Books & Media,TRUE,1
Maybe someday (Book - Loose),7.99,RLP-B85DE03DF0,9781476753164,Books & Media,TRUE,1
Maybe someday (Book - Loose),7.99,RLP-004A1D87AE,9781476753164,Books & Media,TRUE,1
Maybe someday (Book - Loose),7.99,RLP-76F3C8D03E,9781476753164,Books & Media,TRUE,1
Metroid Prime (GameCube - CIB),24.99,RLP-BB12DB8638,,Video Games,TRUE,1
MLB 07 The Show (PlayStation 3 - CIB),2.99,RLP-B55275F992,711719755623,Video Games,TRUE,1
MLB 07 The Show (PlayStation 3 - CIB),6.99,RLP-3B3BC4DE55,711719810926,Video Games,TRUE,1
MLB 07 The Show (PlayStation 3 - CIB),6.99,RLP-9B80B73030,711719755623,Video Games,TRUE,1
MLB 08 The Show (PlayStation 3 - CIB),5.99,RLP-DF0113D266,711719814122,Video Games,TRUE,1
MLB 10 The Show (PlayStation 3 - CIB),6.99,RLP-1C7D2F9712,711719820727,Video Games,TRUE,1
MLB 15: The Show (PlayStation 3 - CIB),6.99,RLP-9E37C7F9FC,711719053088,Video Games,TRUE,1
MLB 2004 (PlayStation 2 - CIB),6.99,RLP-77FE507562,711719725626,Video Games,TRUE,1
MLB 2005 (PlayStation 2 - CIB),5.99,RLP-F7C74D62DA,,Video Games,TRUE,1
MLB Slugfest 2003 (GameCube - CIB),21.99,RLP-B16AE3E9E7,031719198566,Video Games,TRUE,1
Mobile Suit Gundam Climax U.C (PlayStation 2 - CIB),17.99,RLP-BA6F014DE5,4543112396525,Video Games,TRUE,1
Mobile Suit Gundam Seed Destiny: Generation of CE (PlayStation 2 - CIB),10.99,RLP-70B31CEAA9,4543112341662,Video Games,TRUE,1
Mobile Suit Gundam Seed Destiny: Generation of CE (PlayStation 2 - CIB),6.99,RLP-B7E76F6595,4543112341662,Video Games,TRUE,1
Monster 4x4: Stunt Racer (Wii - CIB),7.99,RLP-FCF65F0E5E,008888175773,Video Games,TRUE,1
Monster Garage (Xbox - CIB),6.99,RLP-1BE9226341,,Video Games,TRUE,1
Monster High: Ghoul Spirit (Wii - CIB),8.99,RLP-F951A3CD95,785138305462,Video Games,TRUE,1
Monster Jam Urban Assault (Wii - CIB),7.99,RLP-60C5BDC09C,047875757158,Video Games,TRUE,1
Motionsports: Adrenaline (PlayStation 3 - CIB),5.99,RLP-D9E8A2854C,008888346920,Video Games,TRUE,1
Mountain Bike Adrenaline (PlayStation 2 - CIB),4.99,RLP-D5B8D238A8,853333001288,Video Games,TRUE,1
Mr. Fixer Upper (Book - Loose),3.99,RLP-169224E556,9781728295152,Books & Media,TRUE,1
MVP Baseball 2004 (PlayStation 2 - CIB),5.99,RLP-9CCBD2223C,014633147483,Video Games,TRUE,1
Naruto Clash of Ninja 2 (GameCube - CIB),16.99,RLP-8E93CE066F,,Video Games,TRUE,1
Naruto Uzumaki Ninden (PlayStation 2 - CIB),2.99,RLP-11E1AEC2AB,4543112341686,Video Games,TRUE,1
Naruto: Narutimate Hero (PlayStation 2 - CIB),7.99,RLP-523A374639,4543112141071,Video Games,TRUE,1
Naruto: Narutimate Hero (PlayStation 2 - CIB),7.99,RLP-ECE9E89E9E,4543112141071,Video Games,TRUE,1
NASCAR 06 Total Team Control (PlayStation 2 - CIB),11.99,RLP-4921309845,014633149432,Video Games,TRUE,1
NASCAR 07 (PlayStation 2 - CIB),5.99,RLP-04D997930A,014633152173,Video Games,TRUE,1
NASCAR 07 (Xbox - CIB),8.99,RLP-B95BA5C43A,014633152180,Video Games,TRUE,1
NASCAR 08 (PlayStation 2 - CIB),4.99,RLP-EEAEA00FC8,014633154009,Video Games,TRUE,1
NASCAR Chase for the Cup 2005 (PlayStation 2 - CIB),9.99,RLP-8E43BF6D30,014633147759,Video Games,TRUE,1
NASCAR Chase for the Cup 2005 (Xbox - CIB),6.99,RLP-E786744795,014633147766,Video Games,TRUE,1
NASCAR Racing (PlayStation - CIB),6.99,RLP-3F5A0EC076,020626735513,Video Games,TRUE,1
NASCAR Thunder 2002 (Xbox - CIB),8.99,RLP-C01D176290,014633143263,Video Games,TRUE,1
NBA 2K11 (PlayStation 3 - CIB),7.99,RLP-94A2CA40B7,710425378508,Video Games,TRUE,1
NBA 2K11 (PlayStation 3 - CIB),6.99,RLP-1FDE6C7293,710425379291,Video Games,TRUE,1
NBA 2K11 (PlayStation 3 - CIB),7.99,RLP-BC4E459C8C,710425378508,Video Games,TRUE,1
NBA 2K11 (PlayStation 3 - CIB),7.99,RLP-7BBC070466,710425378508,Video Games,TRUE,1
NBA 2K11 (PlayStation 3 - CIB),7.99,RLP-E03C6ACF4E,710425378508,Video Games,TRUE,1
NBA 2K12 (PlayStation 3 - CIB),8.99,RLP-D4D465B2B1,710425470561,Video Games,TRUE,1
NBA 2K13 (PlayStation 3 - CIB),4.99,RLP-00C61450B5,710425471896,Video Games,TRUE,1
NBA 2K15 (Xbox 360 - CIB),4.99,RLP-C446BFFE08,710425494123,Video Games,TRUE,1
NBA 2K16 (Xbox 360 - CIB),7.99,RLP-DD21E922D4,710425495960,Video Games,TRUE,1
NBA 2K17 (Xbox One - CIB),5.99,RLP-1D17F780D3,710425497728,Video Games,TRUE,1
NBA 2K17 (Xbox 360 - CIB),6.99,RLP-5D3F5D38E2,710425497742,Video Games,TRUE,1
NBA 2K17 (PlayStation 3 - CIB),11.99,RLP-E4DD73CB86,710425477751,Video Games,TRUE,1
NBA 2K18 (Xbox One - CIB),4.99,RLP-DB8C629DC5,710425499081,Video Games,TRUE,1
NBA 2K18 (Xbox One - CIB),4.99,RLP-1D5BABD4FB,710425499036,Video Games,TRUE,1
NBA 2K2 (GameCube - CIB),8.99,RLP-BE66DBFD3E,,Video Games,TRUE,1
NBA Live 08 (PlayStation 3 - CIB),5.99,RLP-E7E7F17668,014633154146,Video Games,TRUE,1
NBA Live 10 (PlayStation 3 - CIB),6.99,RLP-060D903C16,014633156850,Video Games,TRUE,1
NBA Live 2002 (PlayStation 2 - CIB),5.99,RLP-7AA5F31E33,014633143515,Video Games,TRUE,1
NBA Live 2004 (Xbox - CIB),6.99,RLP-ED88100A0F,014633146639,Video Games,TRUE,1
NBA Live 2005 (GameCube - CIB),8.99,RLP-6A05BB727C,,Video Games,TRUE,1
NBA Live 2005 (Xbox 360 - CIB),6.99,RLP-29EBE8AC7A,014633148060,Video Games,TRUE,1
NBA Live 2006 (Xbox - CIB),5.99,RLP-E1738CC59B,014633149517,Video Games,TRUE,1
NBA Live 2006 (PlayStation 2 - CIB),5.99,RLP-DCAA57E555,014633149500,Video Games,TRUE,1
NBA Starting Five (PlayStation 2 - CIB),5.99,RLP-75C824D477,083717200444,Video Games,TRUE,1
NBA Street (GameCube - CIB),18.99,RLP-5FF0B80E74,,Video Games,TRUE,1
NBA Street V3 (GameCube - CIB),19.99,RLP-36B9FCA8E3,,Video Games,TRUE,1
NCAA College Basketball 2K3 (Xbox - CIB),6.99,RLP-ACA1EA315D,010086640281,Video Games,TRUE,1
NCAA Football 2005 (GameCube - CIB),9.99,RLP-20A4E4B44F,,Video Games,TRUE,1
NCAA Football 2005 (Xbox - CIB),6.99,RLP-D5FDF5F2D5,,Video Games,TRUE,1
NCAA March Madness 2004 (Xbox - CIB),5.99,RLP-46062E72F7,014633146752,Video Games,TRUE,1
NCAA March Madness 2004 (Xbox - CIB),6.99,RLP-9A73FD181F,014633146752,Video Games,TRUE,1
NCAA March Madness 2005 (Xbox 360 - CIB),6.99,RLP-C80162D65C,014633148176,Video Games,TRUE,1
NCAA March Madness 2006 (Xbox - CIB),6.99,RLP-547794A270,014633149982,Video Games,TRUE,1
Need for Speed Most Wanted (GameCube - CIB),35.99,RLP-9D4F5E44EE,,Video Games,TRUE,1
Need for Speed Underground 2 (Xbox - CIB),18.99,RLP-91A28B8419,,Video Games,TRUE,1
Neon Gods (Book - Loose),5.99,RLP-B4FDCA9A9B,9781728231730,Books & Media,TRUE,1
Never (Book - Loose),7.99,RLP-C2034CF3A9,9780593300046,Books & Media,TRUE,1
NFL 2K3 (PlayStation 2 - CIB),3.99,RLP-BEE3B45503,010086630237,Video Games,TRUE,1
NFL 2K3 (GameCube - CIB),6.99,RLP-801A49A66E,,Video Games,TRUE,1
NFL Blitz 2002 (GameCube - CIB),14.99,RLP-676E749F60,,Video Games,TRUE,1
NFL Blitz 2003 (GameCube - CIB),21.99,RLP-294596F948,,Video Games,TRUE,1
NFL Street (GameCube - CIB),46.99,RLP-0A828512EF,,Video Games,TRUE,1
NFL Street 2 (Xbox - CIB),14.99,RLP-8E0207E693,,Video Games,TRUE,1
NFL Street 2 (Xbox - CIB),14.99,RLP-12D498637D,,Video Games,TRUE,1
NHL 11 (PlayStation 3 - CIB),2.99,RLP-A04942821A,014633194869,Video Games,TRUE,1
NHL 2001 (PlayStation 2 - CIB),7.99,RLP-3F5FE68C6B,014633142266,Video Games,TRUE,1
NHL 2002 (PlayStation 2 - CIB),4.99,RLP-20CE0234FC,014633143317,Video Games,TRUE,1
NHL 2003 (Xbox - CIB),4.99,RLP-2F9CD6DA36,014633145458,Video Games,TRUE,1
NHL Hitz 2003 (GameCube - CIB),37.99,RLP-A9BB3A5ACE,,Video Games,TRUE,1
No Going Back (Book - Loose),8.99,RLP-8FDD29C5BA,9780062869760,Books & Media,TRUE,1
Oni Rei: Fukkatsu (PlayStation - CIB),13.99,RLP-73723D13FC,4945640000064,Video Games,TRUE,1
Onyx Storm (Book - Loose),17.99,RLP-AF95C64B93,9781649377159,Books & Media,TRUE,1
Overwatch Origins Edition (Xbox One - CIB),5.99,RLP-25B23CFF23,047875877634,Video Games,TRUE,1
Overwatch Origins Edition (Xbox One - CIB),6.99,RLP-E434248D25,047875877634,Video Games,TRUE,1
Pack Darling Complete Duology (Book - Loose),49.99,RLP-EF587CE381,Pack Darling Complete Duology,Books & Media,TRUE,1
Pick Six (Book - Loose),18.99,RLP-A36164E626,9781959523123,Books & Media,TRUE,1
PlayStation 2 8MB Memory Card (PlayStation 2 - CIB),15.99,RLP-7AC4A4F67C,,Video Games,TRUE,1
Pocket Bike Racer (Xbox - CIB),0.00,RLP-4186BEB5B2,,Video Games,TRUE,1
Pokémon XD Gale of Darkness (GameCube - CIB),214.99,RLP-E9B2B6069B,,Video Games,TRUE,1
Portal 2 (Xbox 360 - CIB),9.99,RLP-F1D3B29779,014633098815,Video Games,TRUE,1
Pride Of The Dragon Peace (PlayStation 2 - CIB),11.99,RLP-E6B8C85C51,4948872150804,Video Games,TRUE,1
Project Gotham Racing (Xbox - CIB),7.99,RLP-7E3EAE7080,,Video Games,TRUE,1
Pucking Around (Book - Loose),9.99,RLP-F72ABA8F9B,9781496752406,Books & Media,TRUE,1
Pucking Wild (Book - Loose),14.99,RLP-E08B9D716E,9781496752413,Books & Media,TRUE,1
Puyo Pop Fever (PlayStation 2 - CIB),8.99,RLP-D46075C96F,4974365830991,Video Games,TRUE,1
Puzzle Challenge Crosswords and More (PlayStation 2 - CIB),4.99,RLP-E353195F41,650008399516,Video Games,TRUE,1
Rainbow Six (PlayStation - CIB),10.99,RLP-9ABA6A6682,646227881390,Video Games,TRUE,1
Rapala Pro Bass Fishing 2010 (Xbox 360 - CIB),7.99,RLP-6F9D0AE5C2,047875764255,Video Games,TRUE,1
RC Revenge Pro (PlayStation 2 - CIB),11.99,RLP-BB9B8B2833,,Video Games,TRUE,1
Reel Fishing (PlayStation - CIB),8.99,RLP-120C653514,,Video Games,TRUE,1
Return to Castle Wolfenstein (PlayStation 2 - CIB),13.99,RLP-0EE125C3A1,047875804456,Video Games,TRUE,1
Ritual (Book - Loose),19.99,RLP-9C44EE6703,9798218160197,Books & Media,TRUE,1
Rugby 2005 (Xbox - CIB),5.99,RLP-9FCAB8AA0A,014633149043,Video Games,TRUE,1
Ryu ga Gotoku 3 (PlayStation 3 - CIB),14.99,RLP-CAAAFD0B0B,4974365835347,Video Games,TRUE,1
Sadie’s Highlander (Book - Loose),9.99,RLP-847BC0E1B3,9798215169636,Books & Media,TRUE,1
Samurai Western (PlayStation 2 - CIB),15.99,RLP-F2B54A9A85,4940261508074,Video Games,TRUE,1
Saw II: Flesh & Blood (PlayStation 3 - CIB),79.99,RLP-0EF9D4E6C0,083717202158,Video Games,TRUE,1
Sega Bass Fishing Duel (PlayStation 2 - CIB),9.99,RLP-9BB2D2B5DA,,Video Games,TRUE,1
Sengoku Musou (PlayStation 2 - CIB),6.99,RLP-6E588858AA,4988615018800,Video Games,TRUE,1
Sengoku Musou 3 (Wii - CIB),8.99,RLP-8E5BAC0FB8,4988615032479,Video Games,TRUE,1
Sengoku Musou 3 (Wii - CIB),10.99,RLP-8D4EB388D5,4988615032479,Video Games,TRUE,1
Shaun White Skateboarding (Xbox 360 - CIB),6.99,RLP-88227E2354,008888526278,Video Games,TRUE,1
Shaun White Snowboarding Road Trip (Wii - CIB),4.99,RLP-F760573F16,008888174301,Video Games,TRUE,1
Shin Hokuto Musou (PlayStation 3 - CIB),13.99,RLP-3A0CEAA419,4988615045820,Video Games,TRUE,1
Shin Hokuto Musou (PlayStation 3 - CIB),6.99,RLP-DC93EED503,4988615045820,Video Games,TRUE,1
Shin Sangoku Musou 4 (PlayStation 2 - CIB),6.99,RLP-AAE60794D1,4988615020889,Video Games,TRUE,1
Shin Sangoku Musou Multi Raid Special (PlayStation 3 - CIB),22.99,RLP-6288AD1F91,4988615031779,Video Games,TRUE,1
Shinsengumi Gunrou-Den (PlayStation 2 - CIB),0.00,RLP-4332F427D6,4974365830878,Video Games,TRUE,1
Singstar Amped (PlayStation 2 - CIB),2.99,RLP-8D8FFDCEB8,711719761228,Video Games,TRUE,1
Skylanders Giants (Xbox 360 - CIB),39.99,RLP-27C0A535FE,,Video Games,TRUE,1
Skylanders Swap Force (Xbox 360 - CIB),10.99,RLP-DC5D219271,,Video Games,TRUE,1
Sonic Boom Fire & Ice (3DS - CIB),13.99,RLP-8FBD47C79A,,Video Games,TRUE,1
Space Channel 5 Part 2 (PlayStation 2 - CIB),15.99,RLP-C1FAC0B58C,4974365830014,Video Games,TRUE,1
Splashdown Rides Gone Wild (PlayStation 2 - CIB),9.99,RLP-D1936C294D,752919460320,Video Games,TRUE,1
SpongeBob SquarePants The Movie (PlayStation 2 - CIB),18.99,RLP-DA57121AEF,752919460542,Video Games,TRUE,1
Spy Hunter (PlayStation 2 - CIB),7.99,RLP-E11374E3FE,031719268238,Video Games,TRUE,1
SSX 3 (PlayStation 2 - CIB),16.99,RLP-E1A2D68FBD,014633147100,Video Games,TRUE,1
SSX 3 (GameCube - CIB),23.99,RLP-C2C0AFCD41,014633147124,Video Games,TRUE,1
Star Wars Battlefront (Xbox - CIB),15.99,RLP-2CE01837FE,,Video Games,TRUE,1
Star Wars Battlefront [Deluxe Edition] (Xbox One - CIB),6.99,RLP-7AEF3301AE,014633735000,Video Games,TRUE,1
Star Wars Battlefront 2 (Xbox - CIB),15.99,RLP-6F45928588,,Video Games,TRUE,1
Stray Bullets (Book - Loose),9.99,RLP-ECDFF446D0,7784357648360,Books & Media,TRUE,1
Stuntman (PlayStation 2 - CIB),7.99,RLP-2858CE0CD4,,Video Games,TRUE,1
Summer on the Island (Book - Loose),7.99,RLP-4B2AE783B1,9780778311850,Books & Media,TRUE,1
Summer Sports Paradise Island (Wii - CIB),6.99,RLP-A4E6E34ED5,828068211684,Video Games,TRUE,1
Super Monkey Ball: Banana Mania (Xbox One - CIB),11.99,RLP-9BD6F63E6A,010086642100,Video Games,TRUE,1
Super Monkey Ball: Banana Mania (Xbox One - CIB),11.99,RLP-ED38A1FE58,010086642100,Video Games,TRUE,1
Super Robot Wars Z (PlayStation 2 - CIB),10.99,RLP-9B42647126,4582224499083,Video Games,TRUE,1
Super Robot Wars Z (PlayStation 2 - CIB),10.99,RLP-F2E4F83E6C,4582224499083,Video Games,TRUE,1
Taiko no Tatsujin: Waku Waku Anime Matsuri (PlayStation 2 - CIB),9.99,RLP-9497820D85,4907892015531,Video Games,TRUE,1
Tales of Destiny (PlayStation - CIB),8.99,RLP-32CD9D6B25,4907892010222,Video Games,TRUE,1
Tales of Legendia (PlayStation 2 - CIB),8.99,RLP-82A73EC5C7,4907892015845,Video Games,TRUE,1
Tales of the Abyss (PlayStation 3 - CIB),4.99,RLP-6BAC638766,4907892016019,Video Games,TRUE,1
Tales of Xillia (PlayStation 3 - CIB),46.99,RLP-02C6DB1D8B,4582224497751,Video Games,TRUE,1
Tales of Zestiria (PlayStation 3 - CIB),6.99,RLP-0F1CB1BBBB,4560467045595,Video Games,TRUE,1
Tamagotchi no Appare! Niji-Venture (DS - CIB),18.99,RLP-AB7840DF92,4582224491568,Video Games,TRUE,1
Team Elimination Games (Wii - CIB),8.99,RLP-1FF069263F,,Video Games,TRUE,1
Teikoku Sensenki (PlayStation 2 - CIB),3.99,RLP-C5DBBBD3B9,4513244901126,Video Games,TRUE,1
Teikoku Sensenki (PlayStation 2 - CIB),3.99,RLP-15EF0AD7B9,4513244901126,Video Games,TRUE,1
Test Drive (Xbox - CIB),7.99,RLP-203EFF951D,742725226425,Video Games,TRUE,1
Tetris (Game Boy - CIB),15.99,RLP-86D48349B1,,Video Games,TRUE,1
Tetris (NES - CIB),25.99,RLP-4AD3B49417,,Video Games,TRUE,1
Tetris 2 (Game Boy - CIB),31.99,RLP-B38832C085,,Video Games,TRUE,1
Tetris Worlds (PlayStation 2 - CIB),7.99,RLP-91395CED25,752919460054,Video Games,TRUE,1
The Dukes of Hazzard Return of the General Lee (PlayStation 2 - CIB),24.99,RLP-E8C34BE168,,Video Games,TRUE,1
The Final Rose (Book - Loose),34.99,RLP-AF03A3A4ED,The Final Rose,Books & Media,TRUE,1
The Getaway Black Monday (PlayStation 2 - CIB),11.99,RLP-BD69FECE55,711719740827,Video Games,TRUE,1
The Love Letters (Book - Loose),7.99,RLP-B0F8498704,The Love Letters,Books & Media,TRUE,1
The Nature of Jade (Book - Loose),7.99,RLP-C1AAF9A7BC,9781416910060,Books & Media,TRUE,1
The Nightingale (Book - Loose),9.99,RLP-08DCB716F7,9781250080400,Books & Media,TRUE,1
The Perfect Marriage (Book - Loose),7.99,RLP-D9CA57C0A9,9798874620929,Books & Media,TRUE,1
The Perfect Son (Book - Loose),9.99,RLP-6105BD8FD4,9781464227295,Books & Media,TRUE,1
The Predator (Book - Loose),11.99,RLP-DF50CECC84,9781087931760,Books & Media,TRUE,1
The Seven Husbands of Evelyn Hugo (Book - Loose),5.99,RLP-88B2A1B171,9781501161933,Books & Media,TRUE,1
The Silent Patient (Book - Loose),13.99,RLP-916B76B20F,9781250301697,Books & Media,TRUE,1
The Silent Patient (Book - Loose),13.99,RLP-8868F7F39C,9781250301697,Books & Media,TRUE,1
The Sims 3 (Xbox 360 - CIB),8.99,RLP-1EC35FC4ED,014633194258,Video Games,TRUE,1
The Sinner (Book - Loose),19.99,RLP-60C44262B0,The Sinner,Books & Media,TRUE,1
The smallest part (Book - Loose),9.99,RLP-8C3FF9CF8A,The smallest part,Books & Media,TRUE,1
The Truth about Marty (Book - Loose),6.99,RLP-6D1D341000,9780578899206,Books & Media,TRUE,1
The Wedding People (Book - Loose),17.99,RLP-27C16E6D18,9781250385352,Books & Media,TRUE,1
The Zimmah Chronicles (the complete series) (Book - Loose),9.99,RLP-C4008EF406,9781542829038,Books & Media,TRUE,1
Things We Left Behind (Book - Loose),7.99,RLP-10E8EA8A2E,9781728276120,Books & Media,TRUE,1
Thrillville Off The Rails (PlayStation - CIB),7.99,RLP-2C78F425ED,023272406356,Video Games,TRUE,1
Tiger Woods 2003 (PlayStation 2 - CIB),2.99,RLP-2D1D0AB70D,014633145885,Video Games,TRUE,1
Tiger Woods 2006 (PlayStation 2 - CIB),5.99,RLP-B6BD9C03EF,014633149258,Video Games,TRUE,1
Tiger Woods 2007 (PlayStation 2 - CIB),2.99,RLP-8A06BB5953,014633152111,Video Games,TRUE,1
Tiger Woods PGA Tour 08 (PlayStation 3 - CIB),4.99,RLP-C82D4CB5AE,014633154290,Video Games,TRUE,1
Tiger Woods PGA Tour 08 (PlayStation 2 - CIB),6.99,RLP-88021874C5,014633154030,Video Games,TRUE,1
Tiger Woods PGA Tour 10 (Xbox 360 - CIB),4.99,RLP-9DA38520F7,014633190298,Video Games,TRUE,1
To All the Boys I've Loved Before (Book - Loose),6.99,RLP-1E32962A14,9781534438378,Books & Media,TRUE,1
Tomb Raider Last Revelation (PlayStation - CIB),7.99,RLP-818BD17B93,788687304832,Video Games,TRUE,1
Tony Hawk Project 8 (PlayStation 3 - CIB),9.99,RLP-ED1417D8CB,047875816015,Video Games,TRUE,1
Tony Hawks Pro Skater 4 (GameCube - CIB),14.99,RLP-E9F6689028,,Video Games,TRUE,1
Tony Hawks Pro Skater 4 (GameCube - CIB),14.99,RLP-AA32058B22,,Video Games,TRUE,1
Tony Hawks Underground (GameCube - CIB),19.99,RLP-616BCECE9E,,Video Games,TRUE,1
Touchmaster 3 (DS - CIB),6.99,RLP-016F5AEF0A,883929098682,Video Games,TRUE,1
Transformers: The Game (PSP - CIB),11.99,RLP-7F4FA87146,047875819771,Video Games,TRUE,1
Triple Play 2002 (PlayStation 2 - CIB),2.99,RLP-D8975944AC,014633144413,Video Games,TRUE,1
True Crime Streets of LA (PlayStation 2 - CIB),13.99,RLP-93B193F354,047875804272,Video Games,TRUE,1
True Crime Streets of LA [Platinum Hits] (Xbox - CIB),10.99,RLP-2499B792B9,047875811379,Video Games,TRUE,1
Turning Point Fall of Liberty (Xbox 360 - CIB),10.99,RLP-199327094F,767649401802,Video Games,TRUE,1
UFC Undisputed 2010 (Xbox 360 - CIB),9.99,RLP-E851AE6EFB,752919551752,Video Games,TRUE,1
Ugly Love (Book - Loose),5.99,RLP-66A064E84E,9781476753188,Books & Media,TRUE,1
Ultimate Board Game Collection (PlayStation 2 - CIB),4.99,RLP-3FB00641E1,853333001059,Video Games,TRUE,1
Ultimate Board Game Collection (PlayStation 2 - CIB),4.99,RLP-577AD085C9,853333001059,Video Games,TRUE,1
Uncharted 3: Drake's Deception (PlayStation 3 - CIB),4.99,RLP-99D6D0DA45,711719823322,Video Games,TRUE,1
Uncharted 3: Drake's Deception (PlayStation 3 - CIB),4.99,RLP-C5DA05B26E,000000000000,Video Games,TRUE,1
Verity (Book - Loose),4.99,RLP-64E1528BCD,9781538724736,Books & Media,TRUE,1
Verity (Book - Loose),4.99,RLP-B42615BD23,9781538724736,Books & Media,TRUE,1
Victorious: Time to Shine (Xbox 360 - CIB),4.99,RLP-208A8C6411,879278220003,Video Games,TRUE,1
Virtua Fighter 4 (PlayStation 2 - CIB),8.99,RLP-DBD1E28FC2,4974365830038,Video Games,TRUE,1
We Were Liars (Book - Loose),5.99,RLP-5604D69E1F,9780385741279,Books & Media,TRUE,1
White Knight Chronicles (PlayStation 3 - CIB),7.99,RLP-919D8BDF73,4948872730303,Video Games,TRUE,1
Wii Fit (game Only) (Wii - CIB),7.99,RLP-AEE0B7DB3B,045496901073,Video Games,TRUE,1
Wii Fit (game Only) (Wii - CIB),6.99,RLP-86C3677902,045496901073,Video Games,TRUE,1
Wii Fit Plus (Wii - CIB),5.99,RLP-3AB5BED91B,045496901707,Video Games,TRUE,1
Wild Card (Book - Loose),18.99,RLP-37EAA4A650,Wild Card,Books & Media,TRUE,1
Words in Deep Blue (Book - Loose),9.99,RLP-F70EC289FC,Words in deep blue,Books & Media,TRUE,1
World Party Games (Wii - CIB),6.99,RLP-695D0813AF,625904711922,Video Games,TRUE,1
World Soccer: Winning Eleven 9 (PlayStation 2 - CIB),5.99,RLP-3B691714C8,4988602122916,Video Games,TRUE,1
WWE Smackdown vs. Raw 2011 (PlayStation 2 - CIB),21.99,RLP-460CE0CAD6,752919462409,Video Games,TRUE,1
WWE Smackdown vs. Raw 2011 (PlayStation 2 - CIB),16.99,RLP-1CE49234AA,752919462409,Video Games,TRUE,1
Your Shape: Fitness Evolved (Xbox 360 - CIB),2.99,RLP-316B16E226,008888526308,Video Games,TRUE,1
Your Shape: Fitness Evolved 2012 (Xbox 360 - CIB),4.99,RLP-DC7EF5F0D8,008888527046,Video Games,TRUE,1