RetroLootPro ID,Name,Platform,Condition,Barcode,Sell Price,Market Value,Label Price,Cost Basis,Quantity,Status,Category,Item Type,Clover Category
801c335e-e48e-471a-ae42-5e5f629ca1f3,007 Everything or Nothing,PlayStation 2,CIB,014633147148,0.00,6.24,5.99,12.08,1,available,Video Games,game,Video Games
b86cab19-042e-486c-9a8f-893e93d14a5c,007 Night Fire,Xbox,CIB,,0.00,8.83,8.99,11.54,1,available,Manual Entry,unknown,Video Games
34d248c0-319b-4175-a146-9791d178d692,18 Wheeler American Pro Trucker,PlayStation 2,CIB,021481232698,0.00,8.23,7.99,15.93,1,available,Video Games,game,Video Games
4ed7f57e-d3e6-4ba2-873d-566f11ea3f65,7 Days to Die,PlayStation 4,CIB,894515001801,0.00,13.78,13.99,26.52,1,available,Video Games,game,Video Games
45a0d040-3076-4dcb-80ea-18eec67967f1,A Blade So Black,Book,Loose,9781250211668,7.99,7.99,7.99,0.00,1,available,Books & Media,accessory,Books & Media
ec80ba9e-218e-4e10-a834-94c84e6c9d64,A Court of Wings and Ruin,Book,Loose,9781635575606,8.99,8.99,8.99,5.00,1,available,Books & Media,accessory,Books & Media
f0de2f17-5ea4-4d3f-8855-68f44ae0ffef,A Dawn of Onyx,Book,Loose,A Dawn of Onyx,7.99,7.99,7.99,0.00,1,available,Books,accessory,Books & Media
e1c92da1-d6fc-416d-845f-a13e73cbbf74,A Touch of Darkness,Book,Loose,9781070723310,4.99,4.99,4.99,3.00,1,available,Books,accessory,Books & Media
c1c04adf-a4a0-4a9b-87ce-683548f6fe8f,Abraham Lincoln,Book,Loose,9781455510177,6.99,6.99,6.99,0.00,1,available,Books & Media,accessory,Books & Media
432eb054-edd4-423d-85c3-a49c0887dbb2,Ace Combat 5 Unsung War,PlayStation 2,CIB,722674100168,0.00,9.96,9.99,19.28,1,available,Video Games,game,Video Games
8793cdb4-ac1c-45a1-b2af-2fa3ce2d3a22,"After (After Series, Book 1)",Book,Loose,9781982111007,5.99,5.99,5.99,4.00,1,available,Books & Media,accessory,Books & Media
07cd7938-6fe7-41b7-b575-9f40b1461b57,All the Right Reasons,Book,Loose,9781534499034,11.99,11.99,11.99,0.00,1,available,Books & Media,accessory,Books & Media
9a95f99b-5fb8-4ea1-a2e8-5179b4a9a2db,American Ninja Warrior,PlayStation 4,CIB,856131008046,0.00,7.35,6.99,14.23,1,available,Video Games,game,Video Games
5354cc08-50aa-4be7-b8cf-99634d0fcfd1,Animal Crossing: City Folk,Wii,CIB,4902370517248,0.00,11.00,10.99,21.65,1,available,Video Games,game,Video Games
aaa7dea6-8a63-4dca-98f3-652a31c03a38,Arc the Lad: Seirei no Koukon,PlayStation 2,CIB,4948872150415,0.00,9.99,9.99,19.66,1,available,Video Games,game,Video Games
2e58d288-0d32-46b2-8371-9766cd8cd517,Are You Smarter Than A 5th Grader? Make the Grade,PlayStation 2,CIB,752919461501,0.00,2.97,2.99,5.75,1,available,Video Games,game,Video Games
c30e56ec-863b-4cab-96a1-5c61ced91c92,Arena Football Road to Glory,PlayStation 2,CIB,014633153200,0.00,8.99,8.99,17.40,1,available,Video Games,game,Video Games
b41c8242-fcc2-4128-94d4-68a6b028b94f,Assassin's Creed,Xbox 360,CIB,008888523390,0.00,5.75,5.99,11.13,1,available,Video Games,game,Video Games
1d7933ca-c7f5-4861-bea0-7e0eb9f7f0e1,Assassin's Creed II,PlayStation 3,CIB,008888345343,0.00,3.84,3.99,6.70,1,available,Video Games,game,Video Games
dc1d1a46-c927-4276-b1f6-f5c47c58a29c,Assassin's Creed III,PlayStation 3,CIB,008888347231,0.00,3.74,3.99,7.24,1,available,Video Games,game,Video Games
29a5ad61-010a-4a42-a4b5-450a192b39b6,Assassin's Creed III [Gamestop Edition],Xbox 360,CIB,008888597230,0.00,6.24,5.99,12.08,1,available,Video Games,game,Video Games
bd6c9638-d386-49ba-b6e3-c18fdcb0beb1,Atari Anthology,PlayStation 2,CIB,742725260818,0.00,9.32,8.99,18.04,1,available,Video Games,game,Video Games
2e17da53-9573-4269-ba7d-6989c6f002a8,Backyard Sports: Rookie Rush,Wii,CIB,742725281257,0.00,4.84,4.99,9.37,1,available,Video Games,game,Video Games
e04cc7d8-7d88-42eb-ae59-24c4cf851025,Batman: Arkham Asylum [Game of the Year Greatest Hits],PlayStation 3,CIB,788687501088,0.00,8.99,8.99,17.40,1,available,Video Games,game,Video Games
d3ae305a-f89c-4b86-a20c-e15b0142ed97,Batman: Arkham City,PlayStation 3,CIB,883929172054,0.00,7.34,6.99,7.72,1,available,Video Games,game,Video Games
7b5e7ea6-ea38-4d9c-bf1e-d80327ef2dc1,Battle Arena Toshinden,PlayStation,CIB,4904880133093,0.00,7.33,6.99,14.43,1,available,Video Games,game,Video Games
ed3a9860-9d4e-4f0c-8793-b7609ef017a3,Battlefield 3,PlayStation 3,CIB,014633197280,0.00,6.76,6.99,13.09,1,available,Video Games,game,Video Games
e04f4fce-3db6-40b6-94ae-b37689c6a7f4,Battlefield 3 [Limited Edition],Xbox 360,CIB,014633195934,0.00,3.99,3.99,7.72,1,available,Video Games,game,Video Games
4ac7f8c1-5a8b-4d48-ac88-ae7c33e4a07f,Battlefield 4,PlayStation 3,CIB,014633732290,0.00,3.64,3.99,7.05,1,available,Video Games,game,Video Games
8e543709-69b1-4547-b7a9-3af256112896,Battlefield: Bad Company 2,PlayStation 3,CIB,014633156720,0.00,6.32,5.99,12.24,1,available,Video Games,game,Video Games
0af6956c-0215-46a1-a1c5-701be089fd58,Beach Vibes,Book,Loose,9781335001245,7.99,7.99,7.99,5.00,1,available,Books & Media,accessory,Books & Media
621c6c9d-a036-43b2-a9ee-4e9ddc482dcd,Beast You Are,Book,Loose,9780063069978,9.99,9.99,9.99,0.00,1,available,Books & Media,accessory,Books & Media
6b931600-dd3d-4b60-a458-82dfa375927a,Big Bumpin,Xbox,CIB,,0.00,3.71,3.99,4.85,1,available,Manual Entry,unknown,Video Games
41b56dc6-14d2-49af-8f80-3ac8219f0ffe,BioShock 2,Xbox 360,CIB,710425395536,0.00,6.49,5.99,12.56,1,available,Video Games,game,Video Games
6998a006-d450-4fb6-9484-295e914fdb7e,Black GameCube Controller,GameCube,CIB,,0.00,52.83,52.99,22.60,1,available,Manual Entry,game,Video Games
362d2274-dc66-4729-8d7e-ce511a6b0fcf,Boku To Sim No Machi,Wii,CIB,4938833007919,0.00,12.99,12.99,25.57,1,available,Video Games,game,Video Games
dd75eb4c-df8c-485e-8311-8684d903156f,Boogie [Bundle],PlayStation 2,CIB,014633158960,0.00,3.39,2.99,6.56,1,available,Video Games,game,Video Games
30791600-2c4b-434a-a1c3-c2f0f37894f3,Book Blind Date,Book,Loose,Book Blind Date,10.00,10.00,9.99,6.00,1,available,"Books, Mystery Fiction",accessory,Books & Media
262db426-8a46-4e17-b57b-c07423576ced,Book Blind Date,Book,Loose,Book Blind Date,10.00,10.00,9.99,6.00,1,available,"Books, Spicy Romance",accessory,Books & Media
272e0726-f72a-4383-b050-99ed47f45069,Book Blind Date,Book,Loose,Book Blind Date,10.00,10.00,9.99,6.00,1,available,"Books, Romance",accessory,Books & Media
360ff765-d5e9-4265-84cf-32ad522a95ad,Book Blind Date,Book,Loose,Book Blind Date,10.00,10.00,9.99,6.00,1,available,"Books, Modern Murder Mystery",accessory,Books & Media
54b0a0c6-6754-4def-b498-ad467629a91d,Book Blind Date,Book,Loose,Book Blind Date,10.00,10.00,9.99,6.00,1,available,"Books, Fiction",accessory,Books & Media
570bf16a-b65a-4db0-aca6-14e04945d1d7,Book Blind Date,Book,Loose,Book Blind Date,10.00,10.00,9.99,6.00,1,available,"Books, Psychological Thriller",accessory,Books & Media
2f5bc6da-df4d-43e9-bb88-e66894ee0694,Book Blind Date,Book,Loose,Book Blind Date,10.00,10.00,9.99,6.00,1,available,"Books, Spicy Romance",accessory,Books & Media
e5c32669-8ea1-4c4b-bdd1-f3b1a5a50176,Book Blind Date,Book,Loose,Book Blind Date,10.00,10.00,9.99,6.00,1,available,"Books, Fantasy Fiction",accessory,Books & Media
dcebbc3e-361b-49e3-9c4c-2d6c7c897d12,Borderlands 2 [Game of the Year],PlayStation 3,CIB,710425473333,0.00,13.97,13.99,18.25,1,available,Video Games,game,Video Games
7c599e65-47d1-47b8-b25b-cecdf55c9b70,Burnout Point of Impact 2,GameCube,CIB,,0.00,32.43,31.99,13.87,1,available,Manual Entry,unknown,Video Games
13cb5f3a-b424-4d04-a7a9-da79ca368b80,Cabelas Alaskan Adventures,PlayStation 2,CIB,,0.00,3.76,3.99,4.91,1,available,Manual Entry,unknown,Video Games
1ed34a32-7c5e-4dfb-bfd6-53e5262708ce,Cabelas Big Game Hunter,PlayStation 2,CIB,,0.00,28.75,28.99,37.56,1,available,Manual Entry,game,Video Games
433702da-32b8-4e62-8b55-57624faed510,Cabelas Deer Hunt 2004 Season,PlayStation 2,CIB,,0.00,2.91,2.99,3.80,1,available,Manual Entry,unknown,Video Games
7138de72-8129-4bfc-9d00-6e8ce5b8d0e1,Call of Duty 2 Big Red One,PlayStation 2,CIB,047875810211,0.00,7.84,7.99,15.18,1,available,Video Games,game,Video Games
7085e8bc-6d3d-4de1-8a17-ab263dc8e97c,Call of Duty 4 Modern Warfare,PlayStation 3,CIB,047875830813,0.00,5.99,5.99,11.60,1,available,Video Games,game,Video Games
9553f2a4-64a6-4517-a574-34ba44b19cae,Call of Duty Black Ops II,Xbox 360,CIB,047875843851,0.00,15.87,15.99,20.74,1,available,Video Games,game,Video Games
8002525f-c627-4a0e-ba89-21f3e8ea3d00,Can't Take My Eyes Off Of You,Book,Loose,9781945253300,9.99,9.99,9.99,0.00,1,available,Books & Media,accessory,Books & Media
6f0f404f-bb7e-48d3-ae79-ad87c889b0dc,Cars,GameCube,CIB,,0.00,15.00,14.99,6.42,1,available,Manual Entry,unknown,Video Games
b965ff0d-4a60-4f3d-ae89-2c0f757831ed,Cars,Xbox,CIB,752919520574,0.00,8.63,8.99,16.71,1,available,Video Games,game,Video Games
2a727aa2-38b1-4de4-b233-0785bab70c8a,Chicken Shoot,Wii,CIB,802068101350,0.00,7.98,7.99,15.45,1,available,Video Games,game,Video Games
a172d715-fe7c-4e3a-9257-698505a1f55a,Cold Stone Creamery: Scoop It Up,Wii,CIB,802068102531,0.00,6.99,6.99,13.53,1,available,Video Games,game,Video Games
22f2e9d2-2348-4ed2-ad11-80b6136b8c2c,Dai-2-Ji Super Robot Wars Alpha,,CIB,4983164737776,0.00,9.99,9.99,19.66,1,available,Video Games,game,Video Games
8e198c7b-fa0f-4491-ba53-18f472c34c0d,Dai-2-Ji Super Robot Wars Alpha,PlayStation 2,CIB,4983164737776,0.00,9.99,9.99,19.66,1,available,Video Games,game,Video Games
4edc9eb9-0b18-4b15-bc57-a4a88958d0ae,Dai-2-Ji Super Robot Wars Alpha,PlayStation 2,CIB,4983164737776,0.00,9.99,9.99,4.00,1,available,Video Games,game,Video Games
927b10b2-9202-4c1a-a950-78f1cf221773,Dai-2-Ji Super Robot Wars Alpha,,CIB,4983164737776,0.00,9.99,9.99,19.66,1,available,Video Games,game,Video Games
7878abfd-6266-47b1-80ed-02776ef51122,Dance Central 3,Xbox 360,CIB,885370523522,0.00,9.89,9.99,12.92,1,available,Video Games,game,Video Games
0d4c0d8a-2b09-46e3-a885-df26e160bd32,Dance Dance Revolution Extreme 2,PlayStation 2,CIB,083717201281,0.00,10.43,9.99,20.19,1,available,Video Games,game,Video Games
e0fc336f-1f48-4270-9290-503998e6588a,Dead Space 3 [Limited Edition],Xbox 360,CIB,014633197235,0.00,8.08,7.99,15.64,1,available,Video Games,game,Video Games
50aa371c-a151-4a55-8559-7f7d308d476b,Dishonored [Definitive Edition],Xbox One,CIB,093155170681,0.00,11.24,10.99,21.76,1,available,Video Games,game,Video Games
39752f3d-03f1-4505-9d80-28042013e4e0,Disney Sing It,Xbox 360,CIB,712725005696,0.00,3.36,2.99,6.50,1,available,Video Games,game,Video Games
e372fa25-7ce1-4802-8291-867432ebc76e,Disneyland Adventures,Xbox 360,CIB,,0.00,5.69,5.99,7.43,1,available,Manual Entry,unknown,Video Games
962db774-55c8-4cbd-97ba-7ad28bb03447,DMC: Devil May Cry,Xbox 360,CIB,013388330287,0.00,8.11,7.99,10.60,1,available,Video Games,game,Video Games
22ca4513-c90b-4d1a-97e2-4fbc235e83dc,Does It Hurt?,Book,Loose,9781638932499,15.99,15.99,15.99,8.00,1,available,Books & Media,accessory,Books & Media
7d096884-2499-4810-a136-06d7f5652da6,Dragon Age II,PlayStation 3,CIB,014633195002,0.00,6.53,6.99,12.64,1,available,Video Games,game,Video Games
f1c16774-712e-420e-b252-ff967452cb07,Dragon Ball Z,PlayStation 2,CIB,4543112084514,0.00,25.99,25.99,51.16,1,available,Video Games,game,Video Games
edcba14e-e856-4fb0-bb7f-b1392991c17c,Dragon Ball Z 3,PlayStation 2,CIB,4543112319036,0.00,9.73,9.99,19.15,1,available,Video Games,game,Video Games
47d6029a-4c7f-4ecd-8f05-ca67567dc089,Dragon Ball Z Sparking,PlayStation 2,CIB,4543112378835,0.00,9.49,8.99,18.68,1,available,Video Games,game,Video Games
a4afa4dc-2971-41e3-8a7e-ddab95f14019,Dragon Quest 7,PlayStation,CIB,4988601003292,0.00,7.25,6.99,14.27,1,available,Video Games,game,Video Games
3a49d71f-6c49-43ad-b15d-4f93d8907d0b,Dragon Quest VIII,PlayStation 2,CIB,4988601004107,0.00,8.99,8.99,17.70,1,available,Video Games,game,Video Games
6bb6ab76-91e0-4e75-b043-6e1f7d7c24d3,Dragon Warrior,NES,CIB,,0.00,64.18,63.99,83.86,1,available,Manual Entry,unknown,Video Games
d7f8de56-473a-4a6f-a972-f36c68eb6c0e,Dragon's Dogma,PlayStation 3,CIB,4976219042888,0.00,2.74,2.99,5.39,1,available,Video Games,game,Video Games
45528b06-f792-4539-a3d9-1f8708854104,Dragonball Z Budokai,GameCube,CIB,,0.00,18.51,18.99,7.92,1,available,Manual Entry,unknown,Video Games
faa66409-ee9f-45bb-a48d-842fb0c9dc0c,Dragonball Z Budokai,GameCube,CIB,,0.00,18.51,18.99,7.92,1,available,Manual Entry,unknown,Video Games
5d1f3886-4241-419d-b290-3a563c81ec77,ESPN NFL 2K5,Xbox,CIB,,0.00,8.17,7.99,10.67,1,available,Manual Entry,unknown,Video Games
014ee9da-d856-45b1-83c9-e61094c86369,Evolve,Xbox One,CIB,710425493751,0.00,3.93,3.99,7.61,1,available,Video Games,game,Video Games
1f0bd904-86ac-448c-88f4-a792e45584d8,EX Jinsei Game,PlayStation 2,CIB,4904880138654,0.00,7.71,7.99,15.18,1,available,Video Games,game,Video Games
179060d2-6ea6-4245-90a2-cbc2a8dc6ab1,Extreme Pinball,PlayStation,CIB,,0.00,7.47,6.99,9.76,1,available,Manual Entry,unknown,Video Games
68d9fdc8-e120-4272-90bf-5c237e25fa40,Eyepet & Friends,PlayStation 3,CIB,711719823520,0.00,5.40,4.99,10.45,1,available,Video Games,game,Video Games
65f91768-a569-42f7-b82b-60312031dab3,FIFA 14,PlayStation 3,CIB,014633730401,0.00,7.97,7.99,15.43,1,available,Video Games,game,Video Games
53ce0477-a8cf-40af-9b5e-a388b8c25130,FIFA 16,Xbox One,CIB,014633369281,0.00,4.15,3.99,8.03,1,available,Video Games,game,Video Games
63a11796-04bd-4c00-a8ca-1690ea92eefb,FIFA Soccer 07,GameCube,CIB,,0.00,51.89,51.99,22.19,1,available,Manual Entry,unknown,Video Games
ab21c2c7-58dc-4f66-9915-d8a16a614d56,FIFA Soccer 11,PlayStation 3,CIB,014633193213,0.00,5.18,4.99,10.03,1,available,Video Games,game,Video Games
e279e5b9-162c-48de-a26c-e6bfa297e561,FIFA Street 3,Xbox 360,CIB,014633155617,0.00,12.71,12.99,24.61,1,available,Video Games,game,Video Games
06b16234-62f8-442c-b4d6-67171a29ab2a,Fifty Shades Collection,Book,Loose,Fifty Shades Collection,9.99,9.99,9.99,9.00,1,available,"Books, Adult Romance",accessory,Books & Media
acec17d7-adac-4ad7-9fe6-6004a3ea8f0e,Fifty shades freed,Book,Loose,9780345803504,4.99,4.99,4.99,3.00,1,available,Books & Media,accessory,Books & Media
1b83f202-f1b2-4aa1-b84f-84d9de10c4c2,Fight Night Champion,Xbox 360,CIB,,0.00,13.96,13.99,18.24,1,available,Manual Entry,unknown,Video Games
e59707d2-858e-4246-8d43-3166b9424e21,Final Fantasy X-2,PlayStation 2,CIB,4961012028207,0.00,12.78,12.99,4.00,1,available,Video Games,game,Video Games
c0613aa2-7f0f-4823-afd3-404e3d8da37d,Final Fantasy X-2,PlayStation 2,CIB,4961012028207,0.00,8.50,8.99,0.00,1,available,Video Games,game,Video Games
ec1f0eb8-10b8-4228-928d-857b4bd46e19,Final Fantasy X-2,PlayStation 2,CIB,4961012028207,0.00,8.50,8.99,16.73,1,available,Video Games,game,Video Games
3eb6ba18-bf82-444d-8f8b-d3a665ca55b3,Final Fantasy XII,PlayStation 2,CIB,4988601004459,0.00,10.32,9.99,20.31,1,available,Video Games,game,Video Games
59f90cfe-a5e7-4862-9f34-38a128d06941,Final Fantasy XIII,PlayStation 3,CIB,4988601006187,0.00,11.99,11.99,23.60,1,available,Video Games,game,Video Games
a9a6d5cb-52b8-44f6-a3f8-0bf39192983f,Fisherman’s Bait 2 Big Ol Bass,PlayStation,CIB,,0.00,39.34,38.99,51.40,1,available,Manual Entry,unknown,Video Games
7b53fb7c-1368-4c5a-8d69-f6aabcf3bfb9,Five Days in Paris,Book,Loose,9780345528193,9.99,9.99,9.99,0.00,1,available,Books & Media,accessory,Books & Media
e3693d5b-6e2d-4572-86db-5b066bb92194,Five Feet Apart,Book,Loose,Five Feet Apart,4.99,4.99,4.99,9.50,1,available,Books,accessory,Books & Media
cd754075-0574-49b4-b819-794072461817,Fort Point,Book,Loose,9780997230871,9.99,9.99,9.99,0.00,1,available,Books & Media,accessory,Books & Media
b82af411-ae98-4e4f-82da-f4e9763acba1,Fourth Wing,Book,Loose,9781649374042,15.99,15.99,15.99,12.99,1,available,"Books, Romance Fantasy",accessory,Books & Media
40914eb4-c5cf-45e2-afb9-8dba216fb118,Fourth Wing,Book,Loose,9781649374042,15.99,15.99,15.99,12.00,1,available,Books & Media,accessory,Books & Media
68c3c06e-2b00-4bf6-8aac-13385dc518bc,Full Metal Alchemist Hagane no Renkinjutsushi,PlayStation 2,CIB,4988601003933,0.00,51.04,50.99,100.47,1,available,Video Games,game,Video Games
55e56230-1e74-4aec-b710-8f29e716d42a,Full Spectrum Warrior,Xbox,CIB,752919520239,0.00,7.89,7.99,10.31,1,available,Video Games,game,Video Games
bef3378a-a476-4f5f-b2fa-8d5dceac02bf,Gacharoku,PlayStation 2,CIB,4948872110266,0.00,10.80,10.99,21.26,1,available,Video Games,game,Video Games
5782265c-5972-4061-8f0b-825f97433d58,Galaga / Galaxian,Game Boy,CIB,,0.00,32.42,31.99,42.36,1,available,Manual Entry,unknown,Video Games
50de65cc-150a-46a0-98b4-2e4e452a6d78,Game Party 2,Wii,CIB,031719192045,0.00,8.99,8.99,17.40,1,available,Video Games,game,Video Games
7031800d-9197-42d9-963a-c17542c1bf50,GameCube,GameCube,CIB,,0.00,109.05,108.99,46.64,1,available,Manual Entry,game,Video Games
7308aa57-9fb4-4ea2-a527-6a64292b16de,Gears 5,Xbox One,CIB,889842519099,0.00,14.42,13.99,28.79,1,available,Video Games,game,Video Games
d122845f-ace7-470a-8eee-93065e3e2868,Gears of War 4,Xbox One,CIB,889842118650,0.00,9.93,9.99,19.22,1,available,Video Games,game,Video Games
a1b8a87e-b9c6-44a9-b1cf-210a0eb646a0,Genso Suikoden,PlayStation,CIB,4988602624304,0.00,23.37,22.99,4.00,1,available,Video Games,game,Video Games
d9abd1b7-4244-4bf8-b30e-2116be9feaeb,Genso Suikoden,PlayStation,CIB,4988602624304,0.00,23.37,22.99,46.00,1,available,Video Games,game,Video Games
80cf637d-7443-422f-9d22-958ed7317dfd,Genso Suikoden III [First Print Limited Edition],PlayStation 2,CIB,4542084000560,0.00,0.00,3.99,4.00,1,available,Video Games,game,Video Games
5b655513-6737-4069-8528-8bd9a3ac64c7,Genso Suikoden V,PlayStation 2,CIB,4988602124774,0.00,18.33,17.99,36.08,1,available,Video Games,game,Video Games
7c092b9c-fd5d-4430-8f6d-567934713adb,Gensou Suikoden V [PlayStation 2 The Best],PlayStation 2,CIB,4988602132601,0.00,0.00,0.00,0.00,1,available,Video Games,game,Video Games
db1e9326-7c19-4ff8-a209-3be1e37a3dd9,Girls in Pants,Book,Loose,9780385729352,5.99,5.99,5.99,0.00,1,available,Books & Media,accessory,Books & Media
e2a996b7-4959-4893-a87a-2752c2d06d93,God of War Chains of Olympus,PSP,CIB,,0.00,33.84,33.99,14.47,1,available,Manual Entry,unknown,Video Games
696823da-b196-4666-a2fa-aa211fbd25ae,Golden Axe Beast Rider,Xbox 360,CIB,010086680119,0.00,10.32,9.99,19.98,1,available,Video Games,game,Video Games
e0ca7ed2-3fbc-4fb3-bb58-1b7fcdd32b8d,Green Light,Book,Loose,Green Light,39.99,39.99,39.99,0.00,1,available,"Books, Dark Romance",accessory,Books & Media
5565d7c3-5a35-49a6-9892-ab701bd6c903,Grey GameCube Controller,GameCube,CIB,,0.00,85.41,84.99,36.53,1,available,Manual Entry,game,Video Games
ba565832-2dc1-4a50-9199-3f0b899c2b75,Hanjuku Eiyuu Tai 3D,PlayStation 2,CIB,4961012038237,0.00,8.99,8.99,17.70,1,available,Video Games,game,Video Games
28d3898f-e51a-4026-b736-be4e27c9ab11,Hard Hitter Tennis,PlayStation 2,CIB,730865520213,0.00,8.32,7.99,16.11,1,available,Video Games,game,Video Games
855885d8-32dd-4d7f-826d-99c04612413e,Hardcore 4X4,PlayStation,CIB,,0.00,6.77,6.99,8.85,1,available,Manual Entry,unknown,Video Games
70a0c5eb-b135-40b8-9abe-85acb1a33930,Haven Call of the King,PlayStation 2,CIB,031719268924,0.00,7.81,7.99,15.12,1,available,Video Games,game,Video Games
b7c97766-6f0d-4a21-9e62-8395a3846fcb,Heart Bones,Book,Loose,9781668021910,8.99,8.99,8.99,6.00,1,available,Books & Media,accessory,Books & Media
16d4b004-acca-49bd-9569-03a547550156,Heart Of Texas Vol. 3,Book,Loose,9780778325093,9.99,9.99,9.99,0.00,1,available,Books & Media,accessory,Books & Media
53843552-b3d8-4920-9bce-7aaef4f1807c,Heartstopper Collection,Book,Loose,Heartstopper Collection,30.00,30.00,29.99,30.00,1,available,Books,accessory,Books & Media
cb5b0eaa-d7e5-46d7-97a7-32d1548b3aca,High School Musical 3 Senior Year Dance,Wii,CIB,712725004736,0.00,4.76,4.99,6.22,1,available,Video Games,game,Video Games
4cc37324-07e5-471f-a35b-d5118bf0ac0c,High School Musical Sing It,PlayStation 3,CIB,712725003517,0.00,5.80,5.99,11.23,1,available,Video Games,game,Video Games
a8bcd2e6-02da-4ffc-9208-c366412fd9b2,Hitman 2 Silent Assassin,Xbox,CIB,,0.00,3.00,2.99,3.92,1,available,Manual Entry,unknown,Video Games
51e802a7-51d2-4de8-abe8-b36248717c8b,Hollywood Squares,Xbox 360,CIB,008888176213,0.00,6.53,6.99,12.64,1,available,Video Games,game,Video Games
f093bbbc-c924-4802-af76-292208f9c8df,Home Alone,NES,CIB,,0.00,48.33,47.99,63.15,1,available,Manual Entry,unknown,Video Games
ad1013f8-cbd7-415e-b599-8e2e67b75486,Home Is Where the Bodies Are,Book,Loose,9798212182843,0.00,12.99,12.99,12.99,1,available,Books & Media,accessory,Books & Media
4ac8375a-0638-4221-8c67-8fd8f1ad5021,Honk if you love real men,Book,Loose,9780312339166,9.99,9.99,9.99,0.00,1,available,Books & Media,accessory,Books & Media
26408aa3-7f8c-4607-b3c5-74005fab00c1,How to Train Your Dragon,Wii,CIB,047875839038,0.00,12.85,12.99,16.79,1,available,Video Games,game,Video Games
6e54f679-319a-4a91-9543-7963ad9209a5,iCarly,DS,CIB,047875759794,0.00,7.77,7.99,10.15,1,available,Video Games,game,Video Games
8a7ecaac-616a-4a04-b05c-423c9ec8b304,Icebreaker,Book,Loose,9781668026038,8.99,8.99,8.99,7.99,1,available,"Books, Romance",accessory,Books & Media
4d6e1fc5-79a0-4f81-b6b3-ee68d7af8535,If we ever meet again,Book,Loose,If we ever meet again,6.99,6.99,6.99,8.95,1,available,"Books, Romance",accessory,Books & Media
e9002d59-9f30-495a-b4c5-94a6419c6b26,IHRA Drag Racing Sportsman Edition,PlayStation 2,CIB,093155119406,0.00,6.07,5.99,11.75,1,available,Video Games,game,Video Games
49b17540-b355-43fd-adcd-f655a3cbbe97,Infinity,Xbox 360,CIB,,0.00,22.24,21.99,29.06,1,available,Manual Entry,unknown,Video Games
7af37bec-c2db-424a-a503-2c010c12d126,Inuyasha,PlayStation,CIB,4543112055453,0.00,17.32,16.99,34.09,1,available,Video Games,game,Video Games
a7122731-7590-4eab-9b3b-321fa93b84ed,Iron Flame,Book,Loose,9781649374172,16.99,16.99,16.99,12.99,1,available,"Books, Romance Fantasy",accessory,Books & Media
47c55192-a3ab-4c0c-99ed-88633150abc1,It Ends With Us,Book,Loose,9781668055960,5.99,5.99,5.99,4.00,1,available,Books & Media,accessory,Books & Media
e9ac2bb9-d027-4a60-8273-65d73ef6ab6c,It Ends With Us,Book,Loose,9781501110368,5.99,5.99,5.99,3.00,1,available,Books & Media,accessory,Books & Media
81681f6e-4a44-4af8-ac95-5f22e5ac9b07,It Ends With Us,Book,Loose,9781501110368,5.99,5.99,5.99,5.00,1,available,Books & Media,accessory,Books & Media
fca21839-4585-48e5-8cc8-f72b07d87ecc,It Starts with Us,Book,Loose,9781668001226,5.99,5.99,5.99,3.00,1,available,Books & Media,accessory,Books & Media
cb62dedc-2e0b-4957-9ee1-1ac9ae06bc24,It Starts with Us,Book,Loose,9781398518179,5.99,5.99,5.99,4.00,1,available,Books & Media,accessory,Books & Media
441ca6b0-aea6-4632-904c-14e196ea86c6,Jeopardy,NES,CIB,,0.00,17.89,17.99,23.37,1,available,Manual Entry,unknown,Video Games
9fba8e1f-b791-421b-8ca4-b8a69ac149ca,Jeremy McGrath Supercross World,PlayStation 2,CIB,,0.00,9.48,8.99,12.39,1,available,Manual Entry,unknown,Video Games
2dcc7f13-a4e5-4b23-9333-7df5221809ce,Jillian Michaels' Fitness Ultimatum 2009,Wii,CIB,096427015529,0.00,2.67,2.99,5.17,1,available,Video Games,game,Video Games
cb54af08-1eaa-46f9-b542-bdeb0c501528,Jimmy Neutron Attack of the Twonkies,PlayStation 2,CIB,752919460580,0.00,11.74,11.99,15.67,1,available,Video Games,game,Video Games
829e4d35-e4cd-4422-84de-253ec164661a,Just Cause 3,Xbox One,CIB,662248915814,0.00,6.88,6.99,13.32,1,available,Video Games,game,Video Games
a58842de-e9d5-4670-86b2-9d2f5bac3d64,Just Dance 3,Xbox 360,CIB,008888526773,0.00,7.04,6.99,9.20,1,available,Video Games,game,Video Games
be155024-8e6d-408e-95fa-9b147ded6c13,Just Dance Wii,Wii,CIB,4902370519167,0.00,10.89,10.99,4.00,1,available,Video Games,game,Video Games
6adcffe0-98b5-48a6-a574-412afb06de7b,Just Dance Wii,Wii,CIB,4902370519167,0.00,9.99,9.99,23.19,1,available,Video Games,game,Video Games
5556b870-ea60-4777-b441-7f7a0249ddb1,Karaoke Revolution 3,PlayStation 2,CIB,083717200932,0.00,6.95,6.99,13.46,1,available,Video Games,game,Video Games
a0c0a2da-7c27-498e-973d-7b2d44d313f1,Karaoke Revolution Glee Vol 3,Xbox 360,CIB,083717301363,0.00,4.75,4.99,9.20,1,available,Video Games,game,Video Games
41043504-b4ec-4765-908b-f031c48f5664,Kelly Slater's Pro Surfer,Xbox,CIB,047875801912,0.00,8.39,7.99,10.96,1,available,Video Games,game,Video Games
92960a5f-768a-4187-9aec-bc51363a8cc8,Kinect Sports,Xbox 360,CIB,885370211337,0.00,5.44,4.99,10.53,1,available,Video Games,game,Video Games
b423e3a6-5e5a-4b6a-9d34-770308d4eab8,Kinect Star Wars,Xbox 360,CIB,023272344788,0.00,5.58,5.99,10.80,1,available,Video Games,game,Video Games
4cfaba6b-3f47-4757-af1b-df3d72e280ee,Kingdom Hearts 2,PlayStation 2,CIB,4988601004404,0.00,11.00,10.99,21.65,1,available,Video Games,game,Video Games
9c8dcf94-c703-47d4-b0b5-c5b5e088dc8b,Kingdom Hearts II Final Mix [Limited Edition],PlayStation 2,CIB,4988601004947,0.00,90.00,89.99,177.16,1,available,Video Games,game,Video Games
0d06fb56-e3ec-401f-b8c3-b8326bf00b54,Kingdom Hearts II Final Mix [Limited Edition],PlayStation 2,CIB,4988601004947,0.00,90.00,89.99,0.00,1,available,Video Games,game,Video Games
0652f939-9f16-4616-b06b-61b7aeda9bb3,Kingdom Hearts II Final Mix [Limited Edition],PlayStation 2,CIB,4988601004947,0.00,90.00,89.99,0.00,1,available,Video Games,game,Video Games
eaa56f21-0195-4171-b722-fac7c90196b4,Kings of Colorado,Book,Loose,9781439183830,9.99,9.99,9.99,0.00,1,available,Books & Media,accessory,Books & Media
c576f5d1-e94e-4b6b-90e7-910ac9c3040e,Legend,Book,Loose,9780399256752,0.00,0.00,4.99,4.99,1,available,Books & Media,accessory,Books & Media
260e1482-66a6-45f5-9c1e-de799db4236f,Legends of Wrestling,PlayStation 2,CIB,021481232650,0.00,6.82,6.99,13.20,1,available,Video Games,game,Video Games
7d3ca8de-378f-47da-967c-dd658a19e0dc,Legends of Wrestling,PlayStation 2,CIB,021481232650,0.00,6.97,6.99,4.00,1,available,Video Games,game,Video Games
5bf39f66-99e0-4bda-850e-25513834edc5,LEGO Batman 2,PlayStation 3,CIB,883929243440,0.00,6.82,6.99,13.20,1,available,Video Games,game,Video Games
7b377df1-7c4c-4a43-8c0f-a5c412da66ca,LEGO Batman 3: Beyond Gotham,PlayStation 3,CIB,883929427253,0.00,8.03,7.99,15.55,1,available,Video Games,game,Video Games
85e01459-9d3a-440e-8d66-41fa9111a5f7,LEGO Marvel Super Heroes,Xbox 360,CIB,883929319701,0.00,6.18,5.99,11.96,1,available,Video Games,game,Video Games
10b78f62-6f65-45d0-b5f3-47d86b2a17df,LEGO Marvel Super Heroes,PlayStation 3,CIB,883929319558,0.00,7.32,6.99,14.17,1,available,Video Games,game,Video Games
b3c16464-0133-444b-8829-34409de1e267,LEGO Movie Videogame,PlayStation 3,CIB,883929375325,0.00,7.75,7.99,15.00,1,available,Video Games,game,Video Games
e54f45cc-f686-4fa2-9919-ca975afbff0c,LEGO Pirates of the Caribbean: The Video Game,Xbox 360,CIB,712725021146,0.00,10.99,10.99,4.00,1,available,Video Games,game,Video Games
3767a2df-53b5-408b-a83b-a4d7ae1945a6,LEGO Rock Band,PlayStation 3,CIB,883929077793,0.00,9.52,9.99,18.43,1,available,Video Games,game,Video Games
ce7cf6b7-6026-48ab-b742-34e31dcac134,LEGO Star Wars II Original Trilogy,GameCube,CIB,023272329587,0.00,12.82,12.99,5.48,1,available,Video Games,game,Video Games
85cb3f97-2ab4-4412-98cd-3cfa08f47f6e,LEGO Star Wars III: The Clone Wars,DS,CIB,023272342654,0.00,8.50,8.99,11.11,1,available,Video Games,game,Video Games
a9d185b3-d4ae-4f51-b09c-4a346c98624a,LEGO Star Wars III: The Clone Wars,DS,CIB,023272342616,0.00,5.46,4.99,4.00,1,available,Video Games,game,Video Games
b9c46763-561b-4ff3-aa25-761c6064777e,Lightlark,Book,Loose,9781419760877,6.99,6.99,6.99,6.00,1,available,Books & Media,accessory,Books & Media
223f87db-6722-403f-89b5-c03fcac79b43,Lights Out,Book,Loose,9781638932239,14.99,14.99,14.99,12.99,1,available,Books & Media,accessory,Books & Media
8f6be7a7-001a-45d5-8955-ea155ded1f2a,LittleBigPlanet,PlayStation 3,CIB,711719819929,0.00,10.39,9.99,20.12,1,available,Video Games,game,Video Games
7ffb86d6-cc48-4f2c-9936-21d0e799cd6b,Lords of Misrule,Book,Loose,Lords of Misrule,16.99,16.99,16.99,15.00,1,available,Books,accessory,Books & Media
17da42f3-7e2b-48b9-8273-744762d4ffcb,Lupin III: Columbus no Isan wa Akenisomaru,PlayStation 2,CIB,4983164735543,0.00,14.98,14.99,29.49,1,available,Video Games,game,Video Games
c95ab2a6-52e8-4c1f-a342-0488ff81280a,Madden 07,GameCube,CIB,,0.00,6.65,6.99,2.84,1,available,Manual Entry,unknown,Video Games
ce42bd7f-4d07-4fed-9a3a-0ed6e93780ae,Madden 2003,PlayStation 2,CIB,014633145151,0.00,9.09,8.99,17.60,1,available,Video Games,game,Video Games
1516b15c-a0ae-4ff9-a791-b8d1807e0d75,Madden 2004,GameCube,CIB,,0.00,8.57,8.99,3.67,1,available,Manual Entry,unknown,Video Games
8ce209e0-45bc-478f-9698-63e08ce7332a,Madden 2006,PlayStation 2,CIB,014633149388,0.00,1.90,1.99,3.68,1,available,Video Games,game,Video Games
f6a9c9b4-09d0-4810-b876-4e228a597b2a,Madden 2008,PlayStation 2,CIB,014633154023,0.00,5.95,5.99,11.52,1,available,Video Games,game,Video Games
ca119a80-e7b1-4d47-90d8-204d35fea63c,Madden 2008,PlayStation 3,CIB,014633154283,0.00,6.33,5.99,7.14,1,available,Video Games,game,Video Games
2a258fd0-6b90-46ba-a6bf-512205787b5b,Madden 2009,PlayStation 3,CIB,014633154627,0.00,3.05,2.99,4.00,1,available,Video Games,game,Video Games
d47f0fc6-728e-47a5-8e69-bc2476546627,Madden 2009,PlayStation 3,CIB,014633154627,0.00,6.00,5.99,11.62,1,available,Video Games,game,Video Games
8e612953-da72-4f92-889f-27267d27bdf9,Madden 97,PlayStation,CIB,014633077254,0.00,9.58,9.99,18.55,1,available,Video Games,game,Video Games
c3f9cd6b-90fd-4dd6-8392-74008b7ecf38,Madden 98,PlayStation,CIB,014633078015,0.00,9.99,9.99,19.34,1,available,Video Games,game,Video Games
4813b7af-0b8e-42d1-ba3b-be319c16db3c,Madden NFL 10,PlayStation 3,CIB,014633190236,0.00,5.99,5.99,11.60,1,available,Video Games,game,Video Games
d430ae42-7906-491b-a981-5cbe1865c818,Madden NFL 11,Xbox 360,CIB,014633193572,0.00,7.52,7.99,14.56,1,available,Video Games,game,Video Games
2bfe5c28-954e-4db7-9f8a-aff3d83b3ed0,Madden NFL 11,PlayStation 3,CIB,014633193565,0.00,6.63,6.99,12.84,1,available,Video Games,game,Video Games
2b83cc72-5a8c-464a-a788-92379aa5b398,Madden NFL 12,PlayStation 3,CIB,014633196467,0.00,4.93,4.99,4.00,1,available,Video Games,game,Video Games
a8444c62-c7ed-4ef2-ba8c-f7a76318575e,Madden NFL 12,PlayStation 3,CIB,014633196467,0.00,6.34,5.99,12.27,1,available,Video Games,game,Video Games
897dbd7f-3c71-477f-a76a-4dff4acf9c0b,Madden NFL 12 Hall of Fame Edition,PlayStation 3,CIB,014633196917,0.00,8.65,8.99,16.75,1,available,Video Games,game,Video Games
98b657d0-a47f-4e30-a22e-8e808c3096b4,Madden NFL 13,PlayStation 3,CIB,014633197341,0.00,8.54,8.99,16.53,1,available,Video Games,game,Video Games
07d5286c-e792-4845-b4eb-fc2e239313fc,Madden NFL 16,PlayStation 4,CIB,014633733808,0.00,6.75,6.99,13.07,1,available,Video Games,game,Video Games
23f424dc-c56e-4307-80a7-61e09aad4327,Madden NFL 16,Xbox One,CIB,014633733815,0.00,5.90,5.99,11.42,1,available,Video Games,game,Video Games
04a178af-252e-453e-94f1-a70e9302a0b1,Madden NFL 18,Xbox One,CIB,014633370034,0.00,3.30,2.99,6.39,1,available,Video Games,game,Video Games
b08bb93f-31b3-4b06-b028-0cd19b873a29,Madden NFL 21,Xbox One,CIB,014633379808,0.00,4.26,3.99,8.25,1,available,Video Games,game,Video Games
101923ea-6b5d-45e6-816b-7a08e50123d0,Madden NFL 25,PlayStation 3,CIB,014633730562,0.00,4.57,4.99,8.85,1,available,Video Games,game,Video Games
c27127f9-ce97-45db-903d-956c3b75e7ea,Madden NFL 25 [Bonus Edition],Xbox 360,CIB,014633367447,0.00,9.84,9.99,12.86,1,available,Video Games,game,Video Games
39c37bc2-6e70-452b-89be-35bc7fdd69f8,Major League Baseball 2K10,Xbox 360,CIB,710425397455,0.00,6.06,5.99,7.92,1,available,Video Games,game,Video Games
9c30666a-1765-47c6-a7d0-46c725aa4cf8,Major League Baseball 2K8,Xbox 360,CIB,710425393525,0.00,4.84,4.99,9.37,1,available,Video Games,game,Video Games
97f521c3-87c2-4bd3-b056-076738188ee0,Makai Senki Disgaea [Playstation 2 the Best],PlayStation 2,CIB,4995506000653,0.00,0.00,0.00,0.00,1,available,Video Games,game,Video Games
76b03b07-fc49-4c69-a688-4ef131b91021,Mario & Sonic at the Olympic Games,DS,CIB,,0.00,10.25,9.99,13.39,1,available,Manual Entry,game,Video Games
0c1d0e82-c282-4421-9694-9e8724402948,Mario Party 4,GameCube,CIB,045496960384,0.00,61.86,61.99,26.46,1,available,Video Games,game,Video Games
1a03323c-ebf0-4288-932c-3b4aa64501e5,Mario Party 6,GameCube,CIB,,0.00,96.00,95.99,41.06,1,available,Manual Entry,unknown,Video Games
3f09d817-66d6-47b9-8cf6-bd3cf4728f77,Mario Power Tennis,GameCube,CIB,,0.00,38.09,37.99,16.29,1,available,Manual Entry,unknown,Video Games
cdda6c29-48d1-46b1-96fd-5a7949d5ba40,Maximo,PlayStation 2,CIB,4976219654142,0.00,16.37,15.99,32.22,1,available,Video Games,game,Video Games
ed076af4-c6ee-44e3-8420-74763f38ff56,Maybe Not,Book,Loose,9781501125713,6.99,6.99,6.99,5.00,1,available,"Books, Adult Romance",accessory,Books & Media
5fea2c74-4ba3-4692-9c97-b4266a967e26,Maybe Now,Book,Loose,9781668013342,7.99,7.99,7.99,6.00,1,available,Books & Media,accessory,Books & Media
b85de03d-f060-46b5-b1a8-5cc24ad226ad,Maybe someday,Book,Loose,9781476753164,7.99,7.99,7.99,0.00,1,available,Books & Media,accessory,Books & Media
004a1d87-ae53-48c0-bfcb-f8cd883173a8,Maybe someday,Book,Loose,9781476753164,7.99,7.99,7.99,4.00,1,available,Books & Media,accessory,Books & Media
76f3c8d0-3e05-4f84-b353-f44e8cb9b9a5,Maybe someday,Book,Loose,9781476753164,7.99,7.99,7.99,6.00,1,available,Books & Media,accessory,Books & Media
bb12db86-380e-4713-bd77-c01b9a829fb7,Metroid Prime,GameCube,CIB,,0.00,24.99,24.99,10.69,1,available,Manual Entry,unknown,Video Games
b55275f9-926b-48fa-ac8f-67c123451e9b,MLB 07 The Show,PlayStation 3,CIB,711719755623,0.00,2.98,2.99,4.00,1,available,Video Games,game,Video Games
3b3bc4de-5516-4205-9e80-fb41521b25cc,MLB 07 The Show,PlayStation 3,CIB,711719810926,0.00,6.99,6.99,13.53,1,available,Video Games,game,Video Games
9b80b730-30a7-47f2-a8bc-b62887e74dd6,MLB 07 The Show,PlayStation 3,CIB,711719755623,0.00,7.47,6.99,14.46,1,available,Video Games,game,Video Games
df0113d2-66e0-4119-bb92-40278391e510,MLB 08 The Show,PlayStation 3,CIB,711719814122,0.00,5.99,5.99,6.80,1,available,Video Games,game,Video Games
1c7d2f97-12f5-458f-a38d-9155d44990b9,MLB 10 The Show,PlayStation 3,CIB,711719820727,0.00,6.96,6.99,13.47,1,available,Video Games,game,Video Games
9e37c7f9-fcdd-4f6d-a423-eee3f0f14664,MLB 15: The Show,PlayStation 3,CIB,711719053088,0.00,7.23,6.99,14.00,1,available,Video Games,game,Video Games
77fe5075-6232-46e4-97e3-fbedb45dca11,MLB 2004,PlayStation 2,CIB,711719725626,0.00,6.98,6.99,13.51,1,available,Video Games,game,Video Games
f7c74d62-dacb-4549-980b-32cb152e496e,MLB 2005,PlayStation 2,CIB,,0.00,6.01,5.99,7.85,1,available,Manual Entry,unknown,Video Games
b16ae3e9-e742-46c6-a58c-76080eabe462,MLB Slugfest 2003,GameCube,CIB,031719198566,0.00,21.82,21.99,9.33,1,available,Video Games,game,Video Games
ba6f014d-e52b-4da5-ac5d-6faf7dc2e578,Mobile Suit Gundam Climax U.C,PlayStation 2,CIB,4543112396525,0.00,18.44,17.99,36.30,1,available,Video Games,game,Video Games
70b31cea-a961-430c-8673-65e2bcc12816,Mobile Suit Gundam Seed Destiny: Generation of CE,PlayStation 2,CIB,4543112341662,0.00,10.93,10.99,21.51,1,available,Video Games,game,Video Games
b7e76f65-956f-4575-8842-c20326337178,Mobile Suit Gundam Seed Destiny: Generation of CE,PlayStation 2,CIB,4543112341662,0.00,6.68,6.99,4.00,1,available,Video Games,game,Video Games
fcf65f0e-5e5d-486c-8ba4-a1add0f9d5a3,Monster 4x4: Stunt Racer,Wii,CIB,008888175773,0.00,7.88,7.99,15.26,1,available,Video Games,game,Video Games
1be92263-41b1-4536-bbdb-1d5d01634c4f,Monster Garage,Xbox,CIB,,0.00,6.99,6.99,9.13,1,available,Manual Entry,unknown,Video Games
f951a3cd-95ad-40aa-8ed4-40247799a66f,Monster High: Ghoul Spirit,Wii,CIB,785138305462,0.00,8.68,8.99,16.80,1,available,Video Games,game,Video Games
60c5bdc0-9cab-4b49-8a4b-016b96b27663,Monster Jam Urban Assault,Wii,CIB,047875757158,0.00,7.99,7.99,15.47,1,available,Video Games,game,Video Games
d9e8a285-4c95-4246-ba14-a0a9abe5762d,Motionsports: Adrenaline,PlayStation 3,CIB,008888346920,0.00,6.31,5.99,12.22,1,available,Video Games,game,Video Games
d5b8d238-a89b-4315-a4c3-c78c180e69e4,Mountain Bike Adrenaline,PlayStation 2,CIB,853333001288,0.00,5.11,4.99,6.68,1,available,Video Games,game,Video Games
169224e5-563e-4297-9b14-5f289df22106,Mr. Fixer Upper,Book,Loose,9781728295152,3.99,3.99,3.99,1.00,1,available,Books & Media,accessory,Books & Media
9ccbd222-3c6b-4116-b0ab-339faa5d2fc1,MVP Baseball 2004,PlayStation 2,CIB,014633147483,0.00,5.71,5.99,11.05,1,available,Video Games,game,Video Games
8e93ce06-6fb7-47ce-987e-505c46823175,Naruto Clash of Ninja 2,GameCube,CIB,,0.00,17.47,16.99,7.47,1,available,Manual Entry,unknown,Video Games
11e1aec2-ab78-47c7-8947-abe222c25817,Naruto Uzumaki Ninden,PlayStation 2,CIB,4543112341686,0.00,3.42,2.99,6.73,1,available,Video Games,game,Video Games
523a3746-3996-4519-bb78-bcc0573faf7a,Naruto: Narutimate Hero,PlayStation 2,CIB,4543112141071,0.00,7.83,7.99,0.00,1,available,Video Games,game,Video Games
ece9e89e-9eae-451c-91ad-6cf498cd5703,Naruto: Narutimate Hero,PlayStation 2,CIB,4543112141071,0.00,7.83,7.99,15.41,1,available,Video Games,game,Video Games
49213098-4555-4432-beff-53aa3920a468,NASCAR 06 Total Team Control,PlayStation 2,CIB,014633149432,0.00,11.72,11.99,22.69,1,available,Video Games,game,Video Games
04d99793-0a2e-4827-bd04-fc3e75424161,NASCAR 07,PlayStation 2,CIB,014633152173,0.00,6.24,5.99,10.94,1,available,Video Games,game,Video Games
b95ba5c4-3a04-466d-bc81-2390e5f91a45,NASCAR 07,Xbox,CIB,014633152180,0.00,8.84,8.99,17.11,1,available,Video Games,game,Video Games
eeaea00f-c86d-4b7d-bd52-b7a5c5d30a79,NASCAR 08,PlayStation 2,CIB,014633154009,0.00,4.95,4.99,9.58,1,available,Video Games,game,Video Games
8e43bf6d-30e8-4c0b-8a19-a711f74a68ab,NASCAR Chase for the Cup 2005,PlayStation 2,CIB,014633147759,0.00,9.74,9.99,18.86,1,available,Video Games,game,Video Games
e7867447-9581-46fa-adc6-852dc1e18025,NASCAR Chase for the Cup 2005,Xbox,CIB,014633147766,0.00,7.09,6.99,13.84,1,available,Video Games,game,Video Games
3f5a0ec0-768b-44f3-aec2-4582da512cc7,NASCAR Racing,PlayStation,CIB,020626735513,0.00,7.46,6.99,14.44,1,available,Video Games,game,Video Games
c01d1762-9030-4b5c-86c2-e6394511c1f7,NASCAR Thunder 2002,Xbox,CIB,014633143263,0.00,8.96,8.99,17.35,1,available,Video Games,game,Video Games
94a2ca40-b728-46b8-aa4c-f58c9c31bdd5,NBA 2K11,PlayStation 3,CIB,710425378508,0.00,7.97,7.99,4.00,1,available,Video Games,game,Video Games
1fde6c72-93a4-49ac-b65b-e6be42f7bb93,NBA 2K11,PlayStation 3,CIB,710425379291,0.00,7.23,6.99,4.00,1,available,Video Games,game,Video Games
bc4e459c-8c0b-4ef1-b421-e7a1bddc043a,NBA 2K11,PlayStation 3,CIB,710425378508,0.00,7.97,7.99,4.00,1,available,Video Games,game,Video Games
7bbc0704-66a3-4205-b664-6fdb4b99268e,NBA 2K11,PlayStation 3,CIB,710425378508,0.00,7.73,7.99,10.10,1,available,Video Games,game,Video Games
e03c6acf-4e93-4456-b81a-ca0e472df362,NBA 2K11,PlayStation 3,CIB,710425378508,0.00,7.73,7.99,14.97,1,available,Video Games,game,Video Games
d4d465b2-b1b0-4a1b-baf8-233929835f23,NBA 2K12,PlayStation 3,CIB,710425470561,0.00,9.00,8.99,11.76,1,available,Video Games,game,Video Games
00c61450-b5c4-4355-bf29-dfad16b9e80c,NBA 2K13,PlayStation 3,CIB,710425471896,0.00,5.00,4.99,9.68,1,available,Video Games,game,Video Games
c446bffe-088a-4ee6-be94-12cf504acc46,NBA 2K15,Xbox 360,CIB,710425494123,0.00,5.00,4.99,9.68,1,available,Video Games,game,Video Games
dd21e922-d453-4a37-8a0b-ad64354f4c4b,NBA 2K16,Xbox 360,CIB,710425495960,0.00,7.53,7.99,14.58,1,available,Video Games,game,Video Games
1d17f780-d3b6-49e4-a29b-0d59ac3a3c43,NBA 2K17,Xbox One,CIB,710425497728,0.00,6.45,5.99,12.49,1,available,Video Games,game,Video Games
5d3f5d38-e251-4db0-b068-308d1f0a3fd0,NBA 2K17,Xbox 360,CIB,710425497742,0.00,7.38,6.99,14.29,1,available,Video Games,game,Video Games
e4dd73cb-86bd-4871-88a1-98eec0630b0c,NBA 2K17,PlayStation 3,CIB,710425477751,0.00,11.81,11.99,14.52,1,available,Video Games,game,Video Games
db8c629d-c5f9-4829-852e-731b86b0c600,NBA 2K18,Xbox One,CIB,710425499081,0.00,4.89,4.99,9.47,1,available,Video Games,game,Video Games
1d5babd4-fbec-4f71-b58c-a61b6464325b,NBA 2K18,Xbox One,CIB,710425499036,0.00,4.89,4.99,9.47,1,available,Video Games,game,Video Games
be66dbfd-3e9f-4c8d-b2d8-f3ae6890af8c,NBA 2K2,GameCube,CIB,,0.00,8.80,8.99,3.76,1,available,Manual Entry,unknown,Video Games
e7e7f176-68b0-4079-a50a-910bce0c7423,NBA Live 08,PlayStation 3,CIB,014633154146,0.00,5.86,5.99,7.16,1,available,Video Games,game,Video Games
060d903c-16ef-4f96-bd13-2623d5cefad4,NBA Live 10,PlayStation 3,CIB,014633156850,0.00,7.00,6.99,13.55,1,available,Video Games,game,Video Games
7aa5f31e-3302-4448-889c-74a87b5ef7ae,NBA Live 2002,PlayStation 2,CIB,014633143515,0.00,6.13,5.99,5.65,1,available,Video Games,game,Video Games
ed88100a-0f14-445c-8fa5-6699909f4161,NBA Live 2004,Xbox,CIB,014633146639,0.00,6.84,6.99,13.24,1,available,Video Games,game,Video Games
6a05bb72-7c1d-489a-936d-5bf2ece7321f,NBA Live 2005,GameCube,CIB,,0.00,8.77,8.99,3.75,1,available,Manual Entry,unknown,Video Games
29ebe8ac-7afa-46cf-b2cd-c43a8147da77,NBA Live 2005,Xbox 360,CIB,014633148060,0.00,7.38,6.99,14.29,1,available,Video Games,game,Video Games
e1738cc5-9b1e-4c58-934d-b6ed13e5589f,NBA Live 2006,Xbox,CIB,014633149517,0.00,6.00,5.99,11.62,1,available,Video Games,game,Video Games
dcaa57e5-55dc-4f48-9d4d-74dec5da8256,NBA Live 2006,PlayStation 2,CIB,014633149500,0.00,6.38,5.99,12.35,1,available,Video Games,game,Video Games
75c824d4-77e7-4321-a6c5-7f2dcc1f13c7,NBA Starting Five,PlayStation 2,CIB,083717200444,0.00,6.10,5.99,11.81,1,available,Video Games,game,Video Games
5ff0b80e-7407-442a-b99e-ee41602cbbad,NBA Street,GameCube,CIB,,0.00,19.48,18.99,18.15,1,available,Manual Entry,unknown,Video Games
36b9fca8-e3ad-4b80-afd2-f09c70b9a75c,NBA Street V3,GameCube,CIB,,0.00,19.63,19.99,8.40,1,available,Manual Entry,unknown,Video Games
aca1ea31-5dc2-4c31-9c89-6c5cd1bf18e8,NCAA College Basketball 2K3,Xbox,CIB,010086640281,0.00,7.39,6.99,14.31,1,available,Video Games,game,Video Games
20a4e4b4-4fc2-4e63-91b6-6e16283c6230,NCAA Football 2005,GameCube,CIB,,0.00,10.46,9.99,4.47,1,available,Manual Entry,unknown,Video Games
d5fdf5f2-d586-4748-b5e8-23ce4fed8131,NCAA Football 2005,Xbox,CIB,,0.00,6.86,6.99,7.81,1,available,Manual Entry,unknown,Video Games
46062e72-f737-4c2d-be7d-f9043823eb93,NCAA March Madness 2004,Xbox,CIB,014633146752,0.00,6.38,5.99,12.35,1,available,Video Games,game,Video Games
9a73fd18-1f4a-47cb-b817-dd2c404115d4,NCAA March Madness 2004,Xbox,CIB,014633146752,0.00,6.68,6.99,4.00,1,available,Video Games,game,Video Games
c80162d6-5c81-49ca-9931-26c175ee33d1,NCAA March Madness 2005,Xbox 360,CIB,014633148176,0.00,7.42,6.99,14.37,1,available,Video Games,game,Video Games
547794a2-7080-4118-a992-bcf8005ef4d9,NCAA March Madness 2006,Xbox,CIB,014633149982,0.00,7.46,6.99,14.44,1,available,Video Games,game,Video Games
9d4f5e44-eea4-4cff-843a-90cc5d7e13e6,Need for Speed Most Wanted,GameCube,CIB,,0.00,36.08,35.99,16.04,1,available,Manual Entry,unknown,Video Games
91a28b84-19de-46ef-810f-1b2ad22c0604,Need for Speed Underground 2,Xbox,CIB,,0.00,18.93,18.99,24.73,1,available,Manual Entry,unknown,Video Games
b4fdca9a-9b35-4dd3-b9cd-fcde5c6e27d6,Neon Gods,Book,Loose,9781728231730,5.99,5.99,5.99,0.00,1,available,Books & Media,accessory,Books & Media
c2034cf3-a962-476c-9d55-f4b850632934,Never,Book,Loose,9780593300046,7.99,7.99,7.99,0.00,1,available,Books & Media,accessory,Books & Media
bee3b455-03a4-456d-aff1-0db63882c989,NFL 2K3,PlayStation 2,CIB,010086630237,0.00,3.91,3.99,7.57,1,available,Video Games,game,Video Games
801a49a6-6edc-4f30-93f7-b9816e779064,NFL 2K3,GameCube,CIB,,0.00,7.00,6.99,2.99,1,available,Manual Entry,unknown,Video Games
676e749f-60a7-4628-8341-890002a290d2,NFL Blitz 2002,GameCube,CIB,,0.00,15.00,14.99,6.42,1,available,Manual Entry,unknown,Video Games
294596f9-4811-4015-8168-74e75576a394,NFL Blitz 2003,GameCube,CIB,,0.00,21.52,21.99,9.20,1,available,Manual Entry,unknown,Video Games
0a828512-eff8-429f-997b-d8219ebb57b0,NFL Street,GameCube,CIB,,0.00,47.49,46.99,20.31,1,available,Manual Entry,unknown,Video Games
8e0207e6-9372-40f6-b419-32ce062e40b6,NFL Street 2,Xbox,CIB,,0.00,15.00,14.99,19.60,1,available,Manual Entry,unknown,Video Games
12d49863-7d40-4301-9ace-327310de82a4,NFL Street 2,Xbox,CIB,,0.00,15.00,14.99,19.60,1,available,Manual Entry,unknown,Video Games
a0494282-1a31-47a9-9c41-06f4dcd3b72d,NHL 11,PlayStation 3,CIB,014633194869,0.00,2.65,2.99,5.13,1,available,Video Games,game,Video Games
3f5fe68c-6b9e-4a02-a76b-e05dcb78d82a,NHL 2001,PlayStation 2,CIB,014633142266,0.00,8.21,7.99,15.89,1,available,Video Games,game,Video Games
20ce0234-fc2b-476e-aa76-82c5e4238669,NHL 2002,PlayStation 2,CIB,014633143317,0.00,5.30,4.99,10.26,1,available,Video Games,game,Video Games
2f9cd6da-36bf-4467-9343-588b9c63adc8,NHL 2003,Xbox,CIB,014633145458,0.00,5.11,4.99,9.89,1,available,Video Games,game,Video Games
a9bb3a5a-ce51-41c4-96a0-84a746f76f1c,NHL Hitz 2003,GameCube,CIB,,0.00,37.91,37.99,16.21,1,available,Manual Entry,unknown,Video Games
8fdd29c5-ba23-4116-a90c-85a2b7050a7f,No Going Back,Book,Loose,9780062869760,8.99,8.99,8.99,0.00,1,available,Books & Media,accessory,Books & Media
73723d13-fc8e-450c-b262-256861e7094d,Oni Rei: Fukkatsu,PlayStation,CIB,4945640000064,0.00,14.04,13.99,27.64,1,available,Video Games,game,Video Games
af95c64b-9311-4b10-bfb0-55602a136807,Onyx Storm,Book,Loose,9781649377159,17.99,17.99,17.99,12.99,1,available,"Books, Romance Fantasy",accessory,Books & Media
25b23cff-23f2-4288-a3a1-52043ddcb506,Overwatch Origins Edition,Xbox One,CIB,047875877634,0.00,5.81,5.99,4.00,1,available,Video Games,game,Video Games
e434248d-25bf-4222-897a-765b1712bd60,Overwatch Origins Edition,Xbox One,CIB,047875877634,0.00,7.08,6.99,13.71,1,available,Video Games,game,Video Games
ef587ce3-814d-498c-9149-761e5c78c4f9,Pack Darling Complete Duology,Book,Loose,Pack Darling Complete Duology,49.99,49.99,49.99,0.00,1,available,Books,accessory,Books & Media
a36164e6-262e-47c6-98b4-4af2d6102b02,Pick Six,Book,Loose,9781959523123,18.99,18.99,18.99,10.00,1,available,Books & Media,accessory,Books & Media
7ac4a4f6-7c79-4968-9bb4-5ba041f90ceb,PlayStation 2 8MB Memory Card,PlayStation 2,CIB,,0.00,15.54,15.99,20.30,1,available,Manual Entry,memory_card,Video Games
4186beb5-b227-4e55-9d01-476e57df551e,Pocket Bike Racer,Xbox,CIB,,0.00,0.00,0.00,0.00,1,available,Manual Entry,unknown,Video Games
e9b2b606-9b6f-4b98-8cfe-d663906bda9f,Pokémon XD Gale of Darkness,GameCube,CIB,,0.00,214.54,214.99,91.76,1,available,Manual Entry,game,Video Games
f1d3b297-7953-48e8-b68b-10bd8b9af9d0,Portal 2,Xbox 360,CIB,014633098815,0.00,9.89,9.99,19.15,1,available,Video Games,game,Video Games
e6b8c85c-51d2-4150-95c2-eb813009ab18,Pride Of The Dragon Peace,PlayStation 2,CIB,4948872150804,0.00,11.80,11.99,23.23,1,available,Video Games,game,Video Games
7e3eae70-80bd-471e-8fe2-a8117566e750,Project Gotham Racing,Xbox,CIB,,0.00,7.99,7.99,10.44,1,available,Manual Entry,unknown,Video Games
f72aba8f-9ba8-4bd7-b3c2-c763c8b6ca49,Pucking Around,Book,Loose,9781496752406,9.99,9.99,9.99,0.00,1,available,Books & Media,accessory,Books & Media
e08b9d71-6ec8-43a9-ba0e-065fc10110c9,Pucking Wild,Book,Loose,9781496752413,14.99,14.99,14.99,18.00,1,available,Books & Media,accessory,Books & Media
d46075c9-6f60-4c86-bad2-df1451bb9efb,Puyo Pop Fever,PlayStation 2,CIB,4974365830991,0.00,8.99,8.99,17.70,1,available,Video Games,game,Video Games
e353195f-414c-4b83-a777-b5b039ecfed2,Puzzle Challenge Crosswords and More,PlayStation 2,CIB,650008399516,0.00,5.35,4.99,10.36,1,available,Video Games,game,Video Games
9aba6a66-828a-42b1-ae03-6059f73c8387,Rainbow Six,PlayStation,CIB,646227881390,0.00,10.95,10.99,21.20,1,available,Video Games,game,Video Games
6f9d0ae5-c2c9-48d4-bf21-0a1ff2e96315,Rapala Pro Bass Fishing 2010,Xbox 360,CIB,047875764255,0.00,8.47,7.99,16.40,1,available,Video Games,game,Video Games
bb9b8b28-33b2-4654-b027-c2be6e5ee4f0,RC Revenge Pro,PlayStation 2,CIB,,0.00,11.73,11.99,15.33,1,available,Manual Entry,unknown,Video Games
120c6535-141e-4fd7-8eca-0979d7782748,Reel Fishing,PlayStation,CIB,,0.00,9.02,8.99,11.79,1,available,Manual Entry,unknown,Video Games
0ee125c3-a173-4c60-88d1-52d2f7e1d4b7,Return to Castle Wolfenstein,PlayStation 2,CIB,047875804456,0.00,13.87,13.99,26.85,1,available,Video Games,game,Video Games
9c44ee67-03b4-49ba-a264-ba266a4c19c1,Ritual,Book,Loose,9798218160197,19.99,19.99,19.99,20.00,1,available,Books & Media,accessory,Books & Media
9fcab8aa-0a5f-4a24-b523-ce2b2ccc00a0,Rugby 2005,Xbox,CIB,014633149043,0.00,6.38,5.99,12.35,1,available,Video Games,game,Video Games
caaafd0b-0b80-49a2-aeec-a93e3d02b75f,Ryu ga Gotoku 3,PlayStation 3,CIB,4974365835347,0.00,14.99,14.99,29.51,1,available,Video Games,game,Video Games
847bc0e1-b32c-48ab-9638-754df3f0f3e8,Sadie’s Highlander,Book,Loose,9798215169636,9.99,9.99,9.99,0.00,1,available,Books,accessory,Books & Media
f2b54a9a-855a-4880-8460-84a2295ba8ef,Samurai Western,PlayStation 2,CIB,4940261508074,0.00,15.62,15.99,30.75,1,available,Video Games,game,Video Games
0ef9d4e6-c019-4a6f-a593-64a1dabb1df2,Saw II: Flesh & Blood,PlayStation 3,CIB,083717202158,0.00,79.99,79.99,95.00,1,available,Video Games,game,Video Games
9bb2d2b5-da11-4543-b40a-f756b58caab4,Sega Bass Fishing Duel,PlayStation 2,CIB,,0.00,9.59,9.99,12.53,1,available,Manual Entry,game,Video Games
6e588858-aa34-44db-ae1d-07679e615939,Sengoku Musou,PlayStation 2,CIB,4988615018800,0.00,6.76,6.99,13.31,1,available,Video Games,game,Video Games
8e5bac0f-b808-4598-bfb7-d7203b81db89,Sengoku Musou 3,Wii,CIB,4988615032479,0.00,9.30,8.99,4.00,1,available,Video Games,game,Video Games
8d4eb388-d581-4845-b523-1a6e13369d84,Sengoku Musou 3,Wii,CIB,4988615032479,0.00,11.05,10.99,21.75,1,available,Video Games,game,Video Games
88227e23-54a5-42d5-a7d0-03f6b34b4828,Shaun White Skateboarding,Xbox 360,CIB,008888526278,0.00,6.97,6.99,13.49,1,available,Video Games,game,Video Games
f760573f-1698-4f39-8619-c08b9fa1c4cb,Shaun White Snowboarding Road Trip,Wii,CIB,008888174301,0.00,5.00,4.99,9.68,1,available,Video Games,game,Video Games
3a0ceaa4-19d9-4c19-9330-e98d4a5a9d74,Shin Hokuto Musou,PlayStation 3,CIB,4988615045820,0.00,14.11,13.99,27.77,1,available,Video Games,game,Video Games
dc93eed5-033e-4e41-b6ad-ad16b4d7d0ff,Shin Hokuto Musou,PlayStation 3,CIB,4988615045820,0.00,7.00,6.99,4.00,1,available,Video Games,game,Video Games
aae60794-d126-4448-802e-6a2ad3caa4e9,Shin Sangoku Musou 4,PlayStation 2,CIB,4988615020889,0.00,6.60,6.99,4.00,1,available,Video Games,game,Video Games
6288ad1f-9197-41ab-bcc1-bb2c9cd5f381,Shin Sangoku Musou Multi Raid Special,PlayStation 3,CIB,4988615031779,0.00,23.02,22.99,45.31,1,available,Video Games,game,Video Games
4332f427-d60f-4a87-b4da-3fa5f80389f6,Shinsengumi Gunrou-Den,PlayStation 2,CIB,4974365830878,0.00,0.00,0.00,0.00,1,available,Video Games,game,Video Games
8d8ffdce-b826-4275-b65d-9d9582f34dab,Singstar Amped,PlayStation 2,CIB,711719761228,0.00,3.30,2.99,6.39,1,available,Video Games,game,Video Games
27c0a535-fe55-40ec-a9a4-3d4c45b0f039,Skylanders Giants,Xbox 360,CIB,,0.00,40.00,39.99,52.26,1,available,Manual Entry,unknown,Video Games
dc5d2192-714f-4101-b70f-2ae7f003c330,Skylanders Swap Force,Xbox 360,CIB,,0.00,10.75,10.99,14.05,1,available,Manual Entry,unknown,Video Games
8fbd47c7-9aab-4c6a-a765-e75027280ca0,Sonic Boom Fire & Ice,3DS,CIB,,0.00,13.77,13.99,17.99,1,available,Manual Entry,unknown,Video Games
c1fac0b5-8c3b-49cc-b2d3-e2d6fafae7f8,Space Channel 5 Part 2,PlayStation 2,CIB,4974365830014,0.00,16.14,15.99,31.77,1,available,Video Games,game,Video Games
d1936c29-4de3-4b90-957c-e9650846e044,Splashdown Rides Gone Wild,PlayStation 2,CIB,752919460320,0.00,10.00,9.99,13.07,1,available,Video Games,game,Video Games
da57121a-efc9-4c1e-915c-3844bff525d9,SpongeBob SquarePants The Movie,PlayStation 2,CIB,752919460542,0.00,18.66,18.99,36.13,1,available,Video Games,game,Video Games
e11374e3-feca-46b8-bac4-7edf37d52fe8,Spy Hunter,PlayStation 2,CIB,031719268238,0.00,7.84,7.99,15.18,1,available,Video Games,game,Video Games
e1a2d68f-bd64-4b33-a4db-77bb1210e0ee,SSX 3,PlayStation 2,CIB,014633147100,0.00,17.45,16.99,19.94,1,available,Video Games,game,Video Games
c2c0afcd-41ef-46d5-8034-2c4b674fe248,SSX 3,GameCube,CIB,014633147124,0.00,24.01,23.99,10.27,1,available,Video Games,game,Video Games
2ce01837-fe29-4943-8e1a-3d442e9db5c4,Star Wars Battlefront,Xbox,CIB,,0.00,15.65,15.99,20.45,1,available,Manual Entry,unknown,Video Games
7aef3301-ae0f-4ad4-b1a4-3640de0d8262,Star Wars Battlefront [Deluxe Edition],Xbox One,CIB,014633735000,0.00,6.83,6.99,13.22,1,available,Video Games,game,Video Games
6f459285-88f9-483c-aec3-ef2dfda7abd5,Star Wars Battlefront 2,Xbox,CIB,,0.00,15.65,15.99,20.45,1,available,Manual Entry,unknown,Video Games
ecdff446-d0c0-4973-815e-0a1b77adebf9,Stray Bullets,Book,Loose,7784357648360,9.99,9.99,9.99,0.00,1,available,Books,accessory,Books & Media
2858ce0c-d4cc-4461-9d95-103e2c8d58db,Stuntman,PlayStation 2,CIB,,0.00,8.49,7.99,11.09,1,available,Manual Entry,unknown,Video Games
4b2ae783-b15b-4fd2-bbc8-22e86474ec0f,Summer on the Island,Book,Loose,9780778311850,7.99,7.99,7.99,0.00,1,available,Books & Media,accessory,Books & Media
a4e6e34e-d577-481d-aa4d-26647c47f948,Summer Sports Paradise Island,Wii,CIB,828068211684,0.00,6.85,6.99,13.26,1,available,Video Games,game,Video Games
9bd6f63e-6af9-49ea-af4c-5e2bb707c856,Super Monkey Ball: Banana Mania,Xbox One,CIB,010086642100,0.00,11.97,11.99,23.17,1,available,Video Games,game,Video Games
ed38a1fe-582c-4e9e-9894-d6cfe8010f50,Super Monkey Ball: Banana Mania,Xbox One,CIB,010086642100,0.00,11.97,11.99,4.00,1,available,Video Games,game,Video Games
9b426471-2619-4dd0-8760-30ac05d1f028,Super Robot Wars Z,PlayStation 2,CIB,4582224499083,0.00,11.26,10.99,4.00,1,available,Video Games,game,Video Games
f2e4f83e-6c34-49de-b379-f419ba7c2eeb,Super Robot Wars Z,PlayStation 2,CIB,4582224499083,0.00,11.26,10.99,22.16,1,available,Video Games,game,Video Games
9497820d-85e2-4a13-816e-dbd35218541f,Taiko no Tatsujin: Waku Waku Anime Matsuri,PlayStation 2,CIB,4907892015531,0.00,9.62,9.99,18.94,1,available,Video Games,game,Video Games
32cd9d6b-2513-481d-a542-af32d4ca1f8a,Tales of Destiny,PlayStation,CIB,4907892010222,0.00,9.17,8.99,4.00,1,available,Video Games,game,Video Games
82a73ec5-c7c9-413b-98dc-9f9b1301aa0a,Tales of Legendia,PlayStation 2,CIB,4907892015845,0.00,9.17,8.99,18.05,1,available,Video Games,game,Video Games
6bac6387-66b0-46e2-96e4-15e78e0406fe,Tales of the Abyss,PlayStation 3,CIB,4907892016019,0.00,4.65,4.99,4.00,1,available,Video Games,game,Video Games
02c6db1d-8bed-410c-b921-feeb881372cf,Tales of Xillia,PlayStation 3,CIB,4582224497751,0.00,47.49,46.99,93.48,1,available,Video Games,game,Video Games
0f1cb1bb-bb6d-4dfb-bb8e-4deafe77dc34,Tales of Zestiria,PlayStation 3,CIB,4560467045595,0.00,7.10,6.99,13.98,1,available,Video Games,game,Video Games
ab7840df-92e1-445f-86ed-4ffb40ec1ea4,Tamagotchi no Appare! Niji-Venture,DS,CIB,4582224491568,0.00,18.80,18.99,37.01,1,available,Video Games,game,Video Games
1ff06926-3fb6-4ec9-937c-d48811db7fd6,Team Elimination Games,Wii,CIB,,0.00,8.95,8.99,11.69,1,available,Manual Entry,game,Video Games
c5dbbbd3-b94b-4823-acaf-6730a525ea4d,Teikoku Sensenki,PlayStation 2,CIB,4513244901126,0.00,3.96,3.99,0.00,1,available,Video Games,game,Video Games
15ef0ad7-b936-4f50-b0cc-e9f237c9eff5,Teikoku Sensenki,PlayStation 2,CIB,4513244901126,0.00,3.96,3.99,7.79,1,available,Video Games,game,Video Games
203eff95-1de1-42c2-ba78-272be06e42b1,Test Drive,Xbox,CIB,742725226425,0.00,8.27,7.99,10.81,1,available,Video Games,game,Video Games
86d48349-b15e-4842-b9dc-be01f9ae0c1e,Tetris,Game Boy,CIB,,0.00,15.84,15.99,20.70,1,available,Manual Entry,unknown,Video Games
4ad3b494-178c-4e3f-8a0f-f2465d3ac5dd,Tetris,NES,CIB,,0.00,25.75,25.99,33.64,1,available,Manual Entry,unknown,Video Games
b38832c0-85d3-40c7-a5f7-a3d777753b5f,Tetris 2,Game Boy,CIB,,0.00,31.85,31.99,41.61,1,available,Manual Entry,unknown,Video Games
91395ced-25f5-4baa-9a1a-92bee80b8597,Tetris Worlds,PlayStation 2,CIB,752919460054,0.00,7.71,7.99,14.93,1,available,Video Games,game,Video Games
e8c34be1-68d1-41b8-82ab-b7e4c6891723,The Dukes of Hazzard Return of the General Lee,PlayStation 2,CIB,,0.00,25.00,24.99,32.66,1,available,Manual Entry,unknown,Video Games
af03a3a4-ed8d-4652-a6ff-d95f81645686,The Final Rose,Book,Loose,The Final Rose,34.99,34.99,34.99,0.00,1,available,Books,accessory,Books & Media
bd69fece-558f-491e-81d9-4907bc912fb4,The Getaway Black Monday,PlayStation 2,CIB,711719740827,0.00,12.41,11.99,24.03,1,available,Video Games,game,Video Games
b0f84987-043c-48c3-8a7a-e61f1c454002,The Love Letters,Book,Loose,The Love Letters,7.99,7.99,7.99,0.00,1,available,Books,accessory,Books & Media
c1aaf9a7-bc73-4716-bc41-df5e45840ec7,The Nature of Jade,Book,Loose,9781416910060,7.99,7.99,7.99,0.00,1,available,"Books, Family - General, Social Issues - Adolescence, Social Issues - Emotions & Feelings, Juvenile Fiction / Social Situations / Adolescence, Juvenile Fiction",accessory,Books & Media
08dcb716-f787-4556-83bc-167e63a5dbc7,The Nightingale,Book,Loose,9781250080400,9.99,9.99,9.99,8.00,1,available,Books & Media,accessory,Books & Media
d9ca57c0-a9fc-4bcd-a1f1-57d216b6041a,The Perfect Marriage,Book,Loose,9798874620929,7.99,7.99,7.99,6.00,1,available,Books & Media,accessory,Books & Media
6105bd8f-d406-47c3-aaf8-14627dc2a190,The Perfect Son,Book,Loose,9781464227295,9.99,9.99,9.99,0.00,1,available,Books & Media,accessory,Books & Media
df50cecc-842c-4971-b7e1-767ed63ff802,The Predator,Book,Loose,9781087931760,11.99,11.99,11.99,0.00,1,available,Books,accessory,Books & Media
88b2a1b1-719b-4b5a-9383-173afbe3a3bf,The Seven Husbands of Evelyn Hugo,Book,Loose,9781501161933,5.99,5.99,5.99,3.00,1,available,Books & Media,accessory,Books & Media
916b76b2-0ff9-4c3a-a67f-590903559475,The Silent Patient,Book,Loose,9781250301697,13.99,13.99,13.99,9.00,1,available,"Books, Psychological Thriller",accessory,Books & Media
8868f7f3-9cec-4b12-aa7e-e4b5504be1be,The Silent Patient,Book,Loose,9781250301697,13.99,13.99,13.99,8.00,1,available,Books & Media,accessory,Books & Media
1ec35fc4-ed88-46ec-84d3-ca6ad6edc2c1,The Sims 3,Xbox 360,CIB,014633194258,0.00,8.97,8.99,17.37,1,available,Video Games,game,Video Games
60c44262-b072-47a4-b100-602a5a101e03,The Sinner,Book,Loose,The Sinner,19.99,19.99,19.99,24.00,1,available,Books,accessory,Books & Media
8c3ff9cf-8a03-4b81-b55b-d44dca28d47e,The smallest part,Book,Loose,The smallest part,9.99,9.99,9.99,0.00,1,available,Books,accessory,Books & Media
6d1d3410-0078-439f-b727-cd59d4e39284,The Truth about Marty,Book,Loose,9780578899206,6.99,6.99,6.99,0.00,1,available,Books,accessory,Books & Media
27c16e6d-1819-4cc3-9e5e-a6ebee2b4a10,The Wedding People,Book,Loose,9781250385352,17.99,17.99,17.99,7.00,1,available,Books,accessory,Books & Media
c4008ef4-0698-42e8-bf41-6564275e9e5f,The Zimmah Chronicles (the complete series),Book,Loose,9781542829038,9.99,9.99,9.99,0.00,1,available,Books,accessory,Books & Media
10e8ea8a-2e6e-4faf-8a70-e2291b871930,Things We Left Behind,Book,Loose,9781728276120,7.99,7.99,7.99,3.00,1,available,Books & Media,accessory,Books & Media
2c78f425-ed00-4a1f-89d7-f0552645980d,Thrillville Off The Rails,PlayStation,CIB,023272406356,0.00,8.09,7.99,15.66,1,available,Video Games,game,Video Games
2d1d0ab7-0d3b-4a3c-af23-737777f308ac,Tiger Woods 2003,PlayStation 2,CIB,014633145885,0.00,3.29,2.99,6.37,1,available,Video Games,game,Video Games
b6bd9c03-ef46-4067-8ebc-b7411786257e,Tiger Woods 2006,PlayStation 2,CIB,014633149258,0.00,5.99,5.99,11.60,1,available,Video Games,game,Video Games
8a06bb59-53ff-4455-94cd-791a6fb675be,Tiger Woods 2007,PlayStation 2,CIB,014633152111,0.00,3.30,2.99,6.12,1,available,Video Games,game,Video Games
c82d4cb5-aef0-492f-8e39-b686004dba15,Tiger Woods PGA Tour 08,PlayStation 3,CIB,014633154290,0.00,4.79,4.99,9.27,1,available,Video Games,game,Video Games
88021874-c58d-4d51-b005-448977a50306,Tiger Woods PGA Tour 08,PlayStation 2,CIB,014633154030,0.00,6.93,6.99,13.42,1,available,Video Games,game,Video Games
9da38520-f747-4e57-b742-b780251f850f,Tiger Woods PGA Tour 10,Xbox 360,CIB,014633190298,0.00,5.00,4.99,9.68,1,available,Video Games,game,Video Games
1e32962a-141a-42ca-bf76-8a28456ce699,To All the Boys I've Loved Before,Book,Loose,9781534438378,6.99,6.99,6.99,6.00,1,available,Books & Media,accessory,Books & Media
818bd17b-937d-4c04-9893-3d6ea341619b,Tomb Raider Last Revelation,PlayStation,CIB,788687304832,0.00,7.99,7.99,4.00,1,available,Video Games,game,Video Games
ed1417d8-cb5b-4bdc-8041-19c9f2bd0277,Tony Hawk Project 8,PlayStation 3,CIB,047875816015,0.00,10.19,9.99,19.73,1,available,Video Games,game,Video Games
e9f66890-2846-4ef8-bdb0-12d84e98bcf4,Tony Hawks Pro Skater 4,GameCube,CIB,,0.00,14.99,14.99,6.41,1,available,Manual Entry,unknown,Video Games
aa32058b-22c2-4c6f-87a0-efc52345c30c,Tony Hawks Pro Skater 4,GameCube,CIB,,0.00,14.99,14.99,6.41,1,available,Manual Entry,unknown,Video Games
616bcece-9eb0-4214-b290-431deda63be6,Tony Hawks Underground,GameCube,CIB,,0.00,19.99,19.99,8.55,1,available,Manual Entry,unknown,Video Games
016f5aef-0a80-4c3b-b5a6-67e6f9488220,Touchmaster 3,DS,CIB,883929098682,0.00,6.97,6.99,9.11,1,available,Video Games,game,Video Games
7f4fa871-4617-41a9-92fb-4060596d504d,Transformers: The Game,PSP,CIB,047875819771,0.00,11.79,11.99,5.04,1,available,Video Games,game,Video Games
d8975944-acc8-4261-9d32-ef88b5e28354,Triple Play 2002,PlayStation 2,CIB,014633144413,0.00,2.98,2.99,5.77,1,available,Video Games,game,Video Games
93b193f3-54fb-4dd9-8650-d86562d80177,True Crime Streets of LA,PlayStation 2,CIB,047875804272,0.00,14.48,13.99,28.03,1,available,Video Games,game,Video Games
2499b792-b9e5-4c7a-9b35-ee665dc4ccfb,True Crime Streets of LA [Platinum Hits],Xbox,CIB,047875811379,0.00,10.54,10.99,13.77,1,available,Video Games,game,Video Games
19932709-4fb3-4692-aafb-bd6f4c72c4e4,Turning Point Fall of Liberty,Xbox 360,CIB,767649401802,0.00,11.03,10.99,21.35,1,available,Video Games,game,Video Games
e851ae6e-fb70-429e-9c77-eebd4f83b75a,UFC Undisputed 2010,Xbox 360,CIB,752919551752,0.00,9.82,9.99,16.69,1,available,Video Games,game,Video Games
66a064e8-4e3b-47bd-89fe-2d027bc01cac,Ugly Love,Book,Loose,9781476753188,5.99,5.99,5.99,3.00,1,available,Books & Media,accessory,Books & Media
3fb00641-e178-4fa8-a951-da2a53f8c9ce,Ultimate Board Game Collection,PlayStation 2,CIB,853333001059,0.00,5.20,4.99,10.07,1,available,Video Games,game,Video Games
577ad085-c92a-44d4-9a06-b6d86aebc76f,Ultimate Board Game Collection,PlayStation 2,CIB,853333001059,0.00,5.20,4.99,6.79,1,available,Video Games,game,Video Games
99d6d0da-4599-47eb-8fd7-7785f392e2ac,Uncharted 3: Drake's Deception,PlayStation 3,CIB,711719823322,0.00,5.33,4.99,10.32,1,available,Video Games,game,Video Games
c5da05b2-6e10-40f9-8309-a8036dc7aa1b,Uncharted 3: Drake's Deception,PlayStation 3,CIB,000000000000,0.00,5.33,4.99,10.32,1,available,Video Games,game,Video Games
64e1528b-cd40-452d-8d29-65f449f761ce,Verity,Book,Loose,9781538724736,4.99,4.99,4.99,4.00,1,available,Books & Media,accessory,Books & Media
b42615bd-23dd-4db7-901b-189332cf5727,Verity,Book,Loose,9781538724736,4.99,4.99,4.99,3.00,1,available,Books & Media,accessory,Books & Media
208a8c64-111e-440e-a648-381cc0a88618,Victorious: Time to Shine,Xbox 360,CIB,879278220003,0.00,4.90,4.99,9.49,1,available,Video Games,game,Video Games
dbd1e28f-c2af-4fd4-9886-adcedd25b834,Virtua Fighter 4,PlayStation 2,CIB,4974365830038,0.00,9.27,8.99,18.25,1,available,Video Games,game,Video Games
5604d69e-1f50-40c3-be47-0ef65226795e,We Were Liars,Book,Loose,9780385741279,5.99,5.99,5.99,5.00,1,available,Books & Media,accessory,Books & Media
919d8bdf-73ef-4cf9-9325-77d1a6319bdb,White Knight Chronicles,PlayStation 3,CIB,4948872730303,0.00,8.28,7.99,16.30,1,available,Video Games,game,Video Games
aee0b7db-3b46-40b6-92f9-2048eb6489c5,Wii Fit (game Only),Wii,CIB,045496901073,0.00,7.69,7.99,10.05,1,available,Video Games,game,Video Games
86c36779-026e-43c1-904d-4a2ecb646d46,Wii Fit (game Only),Wii,CIB,045496901073,0.00,6.70,6.99,14.89,1,available,Video Games,game,Video Games
3ab5bed9-1b50-449f-8fa0-3fc6ec2a085e,Wii Fit Plus,Wii,CIB,045496901707,0.00,6.10,5.99,7.97,1,available,Video Games,game,Video Games
37eaa4a6-5069-467b-99b8-487c34ea587d,Wild Card,Book,Loose,Wild Card,18.99,18.99,18.99,15.00,1,available,Books,accessory,Books & Media
f70ec289-fc05-4397-8661-ba13f0db0aa8,Words in Deep Blue,Book,Loose,Words in deep blue,9.99,9.99,9.99,0.00,1,available,Books,accessory,Books & Media
695d0813-aff7-43f6-a3a5-08c301a45e0a,World Party Games,Wii,CIB,625904711922,0.00,6.72,6.99,13.53,1,available,Video Games,game,Video Games
3b691714-c882-45cc-92ea-f0ecd7306a3d,World Soccer: Winning Eleven 9,PlayStation 2,CIB,4988602122916,0.00,5.54,5.99,10.91,1,available,Video Games,game,Video Games
460ce0ca-d6a4-4e15-a4bc-4335a73f2547,WWE Smackdown vs. Raw 2011,PlayStation 2,CIB,752919462409,0.00,21.79,21.99,4.00,1,available,Video Games,game,Video Games
1ce49234-aab6-43ff-9a6c-23276e874838,WWE Smackdown vs. Raw 2011,PlayStation 2,CIB,752919462409,0.00,17.19,16.99,33.28,1,available,Video Games,game,Video Games
316b16e2-2683-432a-adbd-c55b249a94ed,Your Shape: Fitness Evolved,Xbox 360,CIB,008888526308,0.00,3.00,2.99,5.81,1,available,Video Games,game,Video Games
dc7ef5f0-d82d-4b9f-81f9-619928906262,Your Shape: Fitness Evolved 2012,Xbox 360,CIB,008888527046,0.00,5.25,4.99,10.16,1,available,Video Games,game,Video Games